SFO,LAX
LAX,SFO
MCO,ATL
ATL,MCO
LAX,JFK
JFK,LAX
FLL,ATL
ATL,FLL
LGA,ATL
ATL,LGA
OGG,HNL
LGA,ORD
ORD,LGA
HNL,OGG
LAX,ORD
LAS,LAX
DFW,ATL
ATL,DFW
ORD,LAX
LAX,HNL
HNL,LAX
TPA,ATL
LAX,LAS
SFO,JFK
ATL,TPA
ATL,LAX
LAX,ATL
JFK,SFO
LAS,PHX
PHX,LAS
LAS,SFO
SFO,LAS
ORD,DFW
DFW,ORD
MSP,ORD
ORD,MSP
SFO,ORD
HOU,DAL
DAL,HOU
DCA,ATL
ORD,SFO
ATL,DCA
LAX,DFW
DFW,LAX
PHL,ATL
ATL,PHL
LAS,ATL
MCO,PHL
PHL,MCO
ATL,LAS
LAX,SEA
SEA,LAX
PHX,LAX
LAX,PHX
ORD,BOS
EWR,ATL
ATL,MIA
BOS,ORD
ATL,EWR
PHX,SAN
MIA,ATL
SAN,SFO
SAN,PHX
PHL,ORD
SEA,ANC
ANC,SEA
SFO,SAN
JAX,ATL
BOS,ATL
ATL,BOS
BWI,ATL
EWR,MCO
ATL,JAX
ATL,BWI
ORD,PHL
ORD,LAS
EWR,ORD
CLT,ATL
MCO,EWR
SEA,SFO
ORD,ATL
SFO,SEA
LAS,ORD
ATL,ORD
DCA,ORD
ATL,CLT
ORD,DCA
LGA,FLL
FLL,LGA
ORD,EWR
JFK,MCO
DFW,LAS
MCO,JFK
IAD,LAX
LAS,DFW
LAX,IAD
ORD,PHX
PHX,ORD
ORD,SEA
ATL,PHX
DTW,MCO
ORD,DTW
DTW,ORD
PHX,ATL
MCO,DTW
DFW,PHX
SEA,ORD
SLC,PHX
MSP,DTW
AUS,DFW
PHX,SLC
SEA,LAS
PHX,DFW
JFK,LAS
LAS,JFK
DTW,MSP
HNL,ITO
LAS,SEA
DFW,AUS
ATL,RDU
MSP,ATL
DFW,SAT
SAT,DFW
ATL,SFO
ORD,MIA
RDU,ATL
ATL,MSP
ITO,HNL
PHX,SEA
MIA,ORD
IAH,LAX
JFK,FLL
SEA,PHX
LGA,DFW
ATL,DTW
PBI,ATL
DTW,ATL
LAX,IAH
FLL,JFK
BOS,LGA
DFW,LGA
SEA,GEG
GEG,SEA
MSP,PHX
LAX,OAK
EWR,FLL
ATL,PBI
FLL,EWR
OAK,LAX
LGA,BOS
PHX,MSP
SFO,ATL
LAS,SAN
MCO,DFW
ORD,CLT
DFW,MCO
ATL,SLC
STL,ORD
SLC,LAS
LGA,MIA
PHX,SNA
SNA,PHX
MSP,SEA
SAN,LAS
ORD,STL
CLT,ORD
LAS,SLC
MSY,ATL
SLC,ATL
MIA,LGA
MCO,ORD
ATL,MSY
IAD,SFO
HNL,SFO
SEA,MSP
IAH,ORD
ORD,IAH
LGA,DTW
SFO,HNL
LGA,DCA
DTW,LGA
SFO,IAD
ORD,MCO
SJC,LAX
DCA,LGA
EWR,IAH
IAH,EWR
DFW,SEA
LAX,SJC
DFW,DCA
IAD,ATL
SEA,DFW
SAN,OAK
CLT,MCO
MIA,DFW
DCA,DFW
MIA,JFK
ATL,IAD
ABQ,PHX
BWI,MCO
OAK,SAN
DFW,MIA
JFK,MIA
PDX,SEA
MCO,BWI
PHX,ABQ
DAL,SAT
JFK,BOS
SAT,DAL
MCO,CLT
BOS,JFK
IAD,MCO
SEA,PDX
IAH,DFW
LAX,EWR
BOS,DCA
DFW,SFO
SFO,PHX
CLT,LGA
ATL,SEA
DCA,BOS
MSP,LAX
PIT,ATL
LGA,CLT
EWR,LAX
SEA,ATL
RNO,LAS
PHX,SFO
DFW,IAH
SAN,SMF
EWR,CLT
DFW,SAN
MSP,LAS
SAN,ATL
ATL,PIT
IAH,PHX
SMF,SAN
MCO,IAD
MSP,DFW
CLT,EWR
ATL,SAN
MSY,IAH
LAS,MSP
SFO,DFW
LAS,RNO
PHX,IAH
CHS,ATL
DFW,MSP
CLT,BOS
ATL,PNS
IAH,MSY
LAX,MSP
PNS,ATL
ATL,MCI
BOS,CLT
MCI,ATL
SAN,DFW
OAK,SEA
ATL,CHS
IAH,ATL
SLC,LAX
ATL,IAH
DFW,PHL
DFW,SNA
MDW,ATL
ATL,MDW
MIA,LAX
CLT,DFW
RIC,ATL
PHL,DFW
LAS,IAH
LAX,MIA
DAL,AUS
PVD,BWI
LAX,SLC
ATL,RIC
IAH,LAS
AUS,DAL
SNA,DFW
SEA,OAK
DFW,CLT
BWI,CLT
LAS,DTW
DTW,LAS
ATL,IND
CLT,BWI
ORD,SAN
MCO,MIA
SAV,ATL
BWI,PVD
PHL,LAS
CLT,FLL
LAS,OAK
ATL,MEM
PDX,PHX
MIA,MCO
MEM,ATL
ATL,SAV
DFW,STL
IND,ATL
PHX,PDX
SMF,LAX
SFO,EWR
SAT,IAH
LAS,PHL
PHX,DTW
STL,DFW
JFK,BUF
LAX,SMF
BUF,JFK
SAN,SJC
BOS,MCO
PIT,PHL
ATL,STL
SMF,PHX
OAK,LAS
SJC,SAN
PHX,SMF
LAS,SMF
BOS,SFO
MCO,BOS
MDW,LAS
ORD,MCI
DTW,PHX
SMF,LAS
DAY,ATL
JFK,TPA
MCI,ORD
TPA,PHL
ATL,DAY
TPA,JFK
MDW,MCI
BOS,IAD
LAS,MDW
FLL,CLT
STL,ATL
OGG,LAX
SFO,BOS
IAH,SAT
PHX,PHL
AUS,IAH
PHL,FLL
LAX,OGG
LAS,EWR
PHL,PHX
BOS,PHL
SEA,SLC
PHL,BOS
CLT,PHL
SJC,LAS
EWR,MIA
CLT,TPA
PHL,TPA
EWR,LAS
DCA,MIA
LAS,SJC
FLL,PHL
PHL,PIT
LGA,MCO
SLC,SEA
MCO,IAH
MIA,DCA
PHL,CLT
MCI,MDW
SAN,ORD
PHX,SJC
EWR,SFO
IAH,MCO
MHT,BWI
IAH,AUS
LAX,DTW
BWI,MHT
PHX,OAK
SNA,OAK
MIA,EWR
TPA,CLT
FLL,TPA
OAK,SNA
MCO,MSP
SJC,PHX
IAD,BOS
MCO,LGA
IAH,SEA
OAK,PHX
SNA,LAS
EWR,DFW
TPA,FLL
SNA,ORD
SEA,IAH
SNA,SJC
MSP,MCO
ELP,PHX
SEA,SMF
LAS,SNA
PDX,SFO
LAS,PDX
DFW,DTW
SFO,MSP
DFW,BOS
ATL,MKE
MKE,ATL
DFW,EWR
DTW,PHL
SMF,SEA
PDX,LAS
SJC,SNA
MSP,SFO
DTW,FLL
MIA,BOS
LAX,BOS
SFO,PDX
FLL,DTW
PBI,EWR
BOS,MIA
EWR,PBI
DTW,DCA
TPA,EWR
EWR,TPA
ORD,SNA
SJC,SEA
DTW,DFW
DCA,DTW
PHL,DTW
BOS,DFW
RDU,PHL
MSY,HOU
SEA,SJC
ORD,CLE
IAH,SFO
CLE,ORD
PHL,RDU
ATL,SAT
PHX,EWR
MDW,MCO
PVD,PHL
SFO,IAH
BWI,DTW
PHL,PVD
DTW,CLT
PHX,ELP
HOU,MSY
EWR,PHX
MCO,MDW
SAT,ATL
CLT,PHX
IAD,ORD
CLT,DTW
SEA,SAN
SAN,SEA
BUF,ATL
DTW,MDW
DTW,BWI
ATL,BUF
IND,ORD
PDX,SMF
HNL,SEA
CMH,ORD
LGA,IAH
ORD,IND
MSP,MKE
SAN,IAH
TPA,DFW
IAH,LGA
IAH,SAN
BOS,LAX
LAX,PHL
STL,MDW
PHX,CLT
BOS,FLL
SMF,PDX
DTW,LAX
DFW,ABQ
JFK,ATL
SEA,HNL
PHL,MHT
ORD,PDX
FLL,MCO
DFW,TPA
MHT,PHL
OKC,DFW
FLL,BOS
MDW,STL
IAH,DTW
DTW,IAH
MCO,FLL
CLT,MIA
MCI,DFW
DFW,MCI
ABQ,DFW
ORD,IAD
MKE,MSP
ORD,CMH
ATL,HOU
MIA,CLT
DFW,TUS
PDX,LAX
JFK,PBI
SFO,PHL
ABQ,DAL
BWI,ORD
ORD,BWI
TPA,BWI
DFW,OKC
LAX,PDX
MDW,PHX
BWI,TPA
MDW,DTW
HOU,ATL
DFW,SLC
DAL,MCI
SAN,LAX
ORD,TPA
TUL,DFW
DAL,ABQ
MCI,DAL
PHL,IAH
TUS,DFW
PHL,LAX
PBI,JFK
SLC,DFW
DFW,ELP
IAH,PHL
BNA,DFW
DFW,TUL
ELP,DFW
RDU,CLT
PDX,ORD
FLL,DFW
BWI,BDL
TPA,DTW
BDL,BWI
EWR,BOS
PHX,MDW
IAH,CLT
DFW,BNA
DTW,TPA
SLC,ORD
PHX,JFK
CLT,IAH
DFW,FLL
PIT,CLT
BOS,EWR
JFK,PHX
ORD,RDU
LAS,CLT
ATL,JFK
BOS,BWI
TPA,ORD
BWI,BOS
OAK,PDX
CLT,RDU
ORD,PIT
PHL,MSP
CLT,LAS
PHX,STL
PDX,OAK
FLL,BWI
FLL,ORD
MDW,BWI
BHM,ATL
BWI,DFW
ORD,FLL
BWI,MDW
SEA,SNA
PHL,MIA
ORD,SLC
PIT,ORD
MEM,MSP
DFW,SJC
RDU,ORD
STL,PHX
SEA,EWR
CLT,PIT
MSP,LGA
SLC,PDX
DFW,BWI
LGA,MSP
JFK,ORD
BNA,MDW
SNA,SEA
ORD,JFK
BWI,FLL
IAH,FLL
MDW,BNA
PDX,SLC
MIA,IAH
CLT,JAX
ORD,BDL
ORD,OMA
DFW,MSY
MSP,PHL
MIA,PHL
FLL,IAH
OMA,ORD
LAX,SAN
MSY,DFW
JAX,CLT
BNA,ATL
MSP,MEM
DCA,CLT
IAH,MIA
EWR,SEA
PHL,SFO
CLT,DCA
SJC,DFW
PHX,AUS
ANC,FAI
ATL,BNA
BDL,ATL
DCA,IAH
IAH,DCA
RDU,DFW
FLL,DCA
SEA,JFK
AUS,PHX
ATL,CAK
BNA,BWI
JFK,SEA
SMF,SNA
ATL,BDL
ATL,BHM
DCA,FLL
BDL,ORD
DAL,STL
DFW,RDU
LAX,TUS
SNA,SMF
CAK,ATL
MSP,PDX
PDX,MSP
CLE,IAH
SLC,SAN
JFK,SLC
MSP,DCA
ATL,CVG
TUS,LAX
IAH,CLE
CVG,ATL
BWI,BNA
DTW,BOS
BOS,DTW
LAS,HNL
SJC,PDX
SAN,SLC
DCA,MSP
PIT,MCO
SLC,JFK
SFO,SLC
HNL,LAS
MDW,LAX
IAD,JFK
LAS,CLE
MCO,PIT
STL,DAL
CLE,MDW
BWI,PHX
CLE,LAS
CVG,ORD
PDX,SJC
DTW,BNA
LBB,DAL
ORD,CVG
SLC,SFO
JFK,IAD
LAX,MCO
BUF,ORD
PHX,BWI
PHX,SAT
STL,MCO
FAI,ANC
TPA,IAH
MDW,CLE
LAX,MDW
SAT,PHX
BNA,DTW
LAX,CLT
ALB,BWI
ORD,AUS
ORD,BUF
DTW,MEM
EWR,DTW
DFW,IAD
CMH,MDW
IAH,TPA
MCO,LAX
SFO,CLT
DAL,LBB
MCO,STL
PHL,MDW
DTW,EWR
STL,DTW
IAD,DFW
CVG,SLC
SAN,MSP
BWI,ALB
TUS,PHX
MDW,CMH
DAL,ELP
DTW,STL
AUS,ORD
ELP,DAL
SAN,JFK
RNO,PHX
DTW,IND
MIA,TPA
AMA,DAL
MEM,DTW
IND,MCO
IAH,MSP
CLT,BNA
MSP,SAN
PHX,RNO
MDW,PHL
BNA,CLT
MCO,IND
LIT,DAL
PVD,MCO
ORD,BNA
BWI,BUF
IND,DFW
EWR,MSP
MSP,IAH
PHX,TUS
DTW,GRR
JFK,SAN
DFW,IND
ATL,CMH
ATL,SNA
LGA,RDU
CMH,ATL
BUF,BWI
CLT,PBI
ROC,JFK
SNA,ATL
DAL,LIT
MSP,EWR
TPA,MIA
MCO,PVD
CLT,LAX
SLC,CVG
DAL,AMA
RDU,LGA
PBI,CLT
DCA,MCO
MCO,DCA
TPA,IAD
GRR,DTW
RDU,BWI
MCI,PHX
JFK,ROC
MSP,BOS
MDW,IAD
BWI,RDU
CLT,SFO
STL,LAX
ATL,ROC
IAD,MDW
DAL,MSY
ATL,AUS
IND,DTW
BOS,MSP
SEA,DTW
MSY,DAL
PHL,PBI
LAS,IAD
JFK,MSP
PIT,MDW
PBI,PHL
ATL,FNT
IAD,LAS
OAK,SLC
MSP,CLT
ILM,CLT
PHX,MCI
ROC,ATL
IAH,BOS
BOS,IAH
SLC,OAK
MSP,JFK
FNT,ATL
DFW,COS
LAX,STL
TUS,LAS
AUS,ATL
BNA,ORD
CLT,ILM
RIC,CLT
COS,DFW
ABQ,LAS
HOU,MDW
CLT,IAD
MSP,SLC
SLC,MSP
CLT,RIC
ORD,DSM
CLT,BDL
JFK,BTV
DTW,SEA
BWI,CLE
MDW,PIT
AUS,HOU
CLT,MSP
HOU,SAT
DAL,TUL
MDW,HOU
DFW,PDX
OGG,SFO
LAS,ABQ
IAD,CLT
BTV,JFK
IAH,SNA
IAD,TPA
MCO,CLE
ATL,GPT
CLE,BWI
BDL,MCO
MCO,BDL
BDL,CLT
PHX,OMA
CLE,MCO
MDW,OMA
TUL,DAL
LAS,MCI
MSY,CLT
PDX,GEG
GPT,ATL
GEG,PDX
DSM,ORD
CHS,CLT
SFO,MIA
PBI,LGA
OMA,MDW
JFK,RDU
PDX,DFW
LGA,PBI
SFO,OGG
OMA,PHX
LAS,BWI
BWI,LAS
SAT,HOU
HNL,PHX
MKE,DTW
GRR,ORD
SNA,IAH
LAS,IND
CLT,MYR
RDU,JFK
LAS,TUS
DTW,SFO
IAH,BWI
MYR,CLT
BWI,IAH
CLT,MEM
CLT,MSY
MCI,LAS
PHX,HNL
PHL,CMH
IND,CLT
BWI,STL
CLT,CHS
MIA,SFO
BUF,MCO
HOU,AUS
BOS,TPA
STL,MSP
DAL,MAF
TPA,MDW
IND,LAS
MEM,CLT
LAX,RNO
JFK,CLT
CMH,PHL
SYR,JFK
LAS,MKE
GSO,CLT
PBI,BOS
TPA,BOS
MSP,STL
CLT,JFK
ORD,GRR
PDX,IAH
MKE,LAS
BOS,PBI
ORD,MEM
RNO,LAX
MDW,TPA
IAH,PDX
MEM,ORD
BNA,MCO
MAF,DAL
MDW,MSP
STL,LAS
DFW,OMA
PVD,CLT
IAH,SLC
CLT,PVD
OMA,DFW
MCO,BNA
ABQ,LAX
SAN,IAD
CLE,ATL
IND,MSP
TLH,ATL
MCO,BUF
SFO,DTW
AUS,LAX
CLT,BUF
ATL,CLE
STL,MCI
MCI,MSP
PDX,ATL
MDW,OAK
CLT,CLE
LAX,AUS
JFK,SYR
ATL,TLH
SLC,SNA
SLC,IAH
MKE,MCO
EWR,CLE
SNA,SFO
OAK,MDW
LAX,ABQ
CLE,CLT
SEA,OGG
ATL,PDX
STL,PHL
MEM,DFW
MKE,PHX
STL,BWI
MSP,MCI
MDW,SAN
DFW,MEM
PHX,MKE
LAS,STL
MCO,CVG
PHL,STL
CLE,EWR
LIT,DFW
DTW,MKE
MSP,MDW
LAX,CVG
ORD,SAT
LGA,CVG
MCI,STL
MCO,MKE
SNA,SLC
BUF,CLT
MSN,ORD
SFO,SNA
ATL,JAN
IAD,SAN
MSP,IND
ORD,MSY
CVG,MCO
GSO,ATL
CLT,GSO
DAL,OKC
ATL,ICT
MCO,HOU
ROC,ORD
DFW,SMF
BWI,CMH
FAR,MSP
HNL,ORD
ICT,ATL
SAN,MDW
MHT,MCO
PWM,JFK
CLT,IND
HSV,ATL
DFW,LIT
ORD,ROC
PHX,IND
IND,PHX
HOU,LAS
SMF,DFW
JAN,ATL
SAT,LAS
CMH,CLT
CVG,LAX
JFK,PWM
LAX,MCI
HOU,MCO
MKE,LGA
MSP,FAR
MDW,MHT
LAS,PIT
PIT,LAS
ATL,GSO
LAS,BOS
LAS,SAT
MCI,MCO
MSY,ORD
LGA,MKE
MEM,MCO
BOS,LAS
BOS,CVG
MCO,MEM
MCO,MHT
MCI,LAX
SAT,ORD
CVG,LGA
ATL,LIT
HOU,PHX
MSP,OMA
EWR,SAN
IAH,OKC
SAN,EWR
MCO,MCI
CLT,CMH
TPA,DCA
CVG,BOS
SLC,GEG
ORD,HNL
LIT,ATL
CMH,BWI
HNL,IAH
LAX,BNA
PHL,JAX
DCA,TPA
PDX,HNL
RDU,MCO
PHL,BNA
LAS,HOU
HOU,LAX
TPA,BNA
JAX,PHL
MKE,ORD
ORD,MSN
MCO,RDU
MCO,MSY
OKC,IAH
LGA,PIT
EWR,RDU
SJC,ORD
LAS,CMH
BNA,TPA
SEA,IAD
OMA,MSP
STL,CLT
MHT,MDW
SEA,RNO
TYS,ATL
ATL,HNL
BNA,RDU
SMF,IAH
HNL,ATL
TPA,MSP
HNL,PDX
CMH,LAS
ORD,SJC
LGA,CLE
GEG,SLC
IAH,HNL
CID,ORD
RDU,BNA
CRP,HOU
BDL,PHL
SYR,ORD
BNA,PHL
OKC,DAL
RDU,EWR
ATL,BMI
CLT,STL
HOU,CRP
ATL,HSV
MSP,TPA
PHX,DCA
CMH,DFW
RNO,SEA
PIT,EWR
EWR,PIT
IAH,SMF
DTW,MSN
CLT,SAV
MSP,ANC
DFW,CMH
ALB,ORD
JAX,DFW
RIC,ORD
BMI,ATL
TPA,IND
PHL,CLE
MSY,MCO
BNA,LAX
IAH,MCI
PHX,HOU
SAV,CLT
DFW,JAX
LAX,HOU
CLE,LGA
MSN,DTW
LAX,CLE
MCI,IAH
ORD,MKE
ORD,CID
ANC,MSP
ORD,RIC
CLE,PHL
ATL,TYS
PIT,LGA
SLC,SMF
ORD,ALB
CLE,LAX
HNL,DFW
IAH,TUL
IND,TPA
ORD,TUL
ORD,SYR
SMF,SLC
TUL,IAH
PHL,BDL
CRP,IAH
IAH,ABQ
FLL,JAX
JAX,FLL
MDW,FLL
ABQ,IAH
DFW,HNL
DTW,BDL
DTW,RDU
JFK,OAK
DTW,MIA
OAK,JFK
MCO,LAS
PDX,SAN
RDU,DCA
PVD,ORD
ATL,ABQ
TPA,LAS
IAH,CRP
BOS,RDU
PHX,CLE
LAS,TPA
FLL,MDW
DTW,BUF
MKE,MCI
TUL,ORD
ABQ,ATL
CLE,PHX
RDU,BOS
MIA,DTW
IAD,SEA
BUF,DTW
LAS,CVG
FLL,IAD
RDU,DTW
SAN,PDX
BWI,PHL
DCA,PHX
MDW,SEA
MSN,MSP
MCI,MKE
BDL,DTW
CVG,LAS
DTW,MCI
CAE,ATL
SMF,ORD
PHX,MCO
LBB,DFW
LAS,MCO
LGA,CMH
GSP,ATL
HOU,BNA
ORD,PVD
XNA,DFW
DCA,RDU
TPA,HOU
PDX,SNA
AUS,LAS
FSD,MSP
ORD,SMF
GRR,MSP
BNA,HOU
SEA,MDW
IAD,FLL
SNA,PDX
PIT,BOS
BOS,PIT
DFW,XNA
PHX,PIT
MCO,PHX
LAS,AUS
PHX,TPA
DFW,RNO
MSP,MSN
MSP,FSD
MCI,DTW
BWI,MSP
DTW,IAD
CMH,LGA
LGA,TPA
PIT,PHX
DFW,LBB
CVG,DFW
IAD,DTW
TPA,LGA
ATL,CAE
BNA,LAS
LGA,STL
PIT,JFK
MDW,PVD
JFK,PIT
JFK,DTW
OKC,PHX
RDU,IAH
SLC,ABQ
PVD,MDW
HOU,TPA
MSP,BWI
PHL,IND
LAS,FLL
IAH,RDU
SAT,LAX
LAX,SAT
HOU,BWI
ACY,MCO
BUF,MDW
BTR,IAH
STL,LGA
RDU,IAD
TPA,PHX
MCO,ACY
ATL,GSP
JAX,BNA
DFW,BHM
RDU,MIA
FLL,LAS
PBI,BWI
RNO,DFW
BWI,MIA
LAS,BNA
BWI,PBI
BHM,DFW
MIA,RDU
PHX,CMH
JAN,HOU
MSP,GRR
IAH,BTR
IAH,SJC
FLL,ACY
MIA,BWI
IAH,ELP
RNO,SLC
MCI,BNA
ABQ,SLC
PHX,OKC
DTW,JFK
LAS,MIA
HOU,JAN
CMH,PHX
PHL,CVG
BDL,DFW
IAD,RDU
MDW,BUF
TPA,BDL
JFK,DCA
SEA,BOS
LGA,MEM
BWI,HOU
ELP,IAH
MYR,LGA
SJC,IAH
BNA,MCI
ACY,FLL
PIT,DFW
LGA,MYR
CVG,PHL
BOS,MKE
MEM,LAX
DCA,JFK
MKE,BOS
BOS,SEA
PVD,DTW
ORD,JAX
IAH,PIT
STL,HOU
SEA,FAI
SLC,RNO
TUS,SAN
JAX,ORD
CLE,MSP
DFW,BDL
MIA,LAS
DFW,PIT
PHX,BOS
DTW,CMH
BDL,IAD
PIT,IAH
DFW,GRK
CVG,MSP
IAH,IND
DFW,CVG
GRK,DFW
IND,PHL
ORD,DAY
BUF,PHL
DTW,PIT
ELP,SAT
PIT,DTW
BNA,JAX
BDL,TPA
ATL,MOB
PBI,TPA
AUS,ELP
IND,MDW
DCA,PHL
DAY,ORD
CVG,CLT
CMH,MCO
IND,IAH
SEA,KTN
SEA,JNU
CVG,DTW
MOB,ATL
CLT,BHM
JNU,SEA
MDT,CLT
DAL,IAH
ATL,LEX
DTW,PVD
MCO,CMH
DTW,CVG
JAX,IAH
BOS,PHX
SJC,RNO
LEX,ATL
IAH,DAL
PHL,BUF
MSY,TPA
ICT,DFW
SAN,TUS
ORD,OKC
IAH,JAX
CLT,MDT
CMH,CVG
CMH,DTW
LGA,RIC
MSP,CLE
FAI,SEA
ELP,AUS
MCI,CLT
MSP,MIA
PHL,BWI
BHM,CLT
MSP,IAD
DTW,GRB
RIC,LGA
ATL,BTR
SAN,PHL
OKC,HOU
CLT,CVG
SAT,ELP
TPA,PBI
OMA,LAS
PBI,DCA
HOU,STL
MIA,MSP
LAX,BWI
DFW,CLE
LAS,OMA
MKE,DFW
HOU,OKC
GRB,DTW
DFW,ICT
MSP,CVG
BOS,BUF
MEM,LGA
CVG,DCA
CLE,DFW
SEA,CVG
IAD,MSP
SLC,STL
CVG,CMH
BTR,ATL
AMA,DFW
MDW,RDU
EWR,SLC
LFT,IAH
FAY,CLT
CVG,BDL
DCA,STL
ICT,ORD
SEA,PHL
DFW,MKE
SLC,EWR
DCA,PVD
PHL,LGA
SMF,ATL
CVG,SEA
STL,DCA
RIC,JFK
ATL,SMF
SYR,PHL
BNA,PHX
AGS,ATL
ORD,ICT
MSP,SNA
MEM,IAH
BHM,DAL
DFW,AMA
PHL,DCA
IAH,PBI
ATL,OKC
IAH,TUS
SLC,MCO
IAH,CMH
CLT,FAY
CLT,MCI
PBI,IAH
JFK,RIC
RNO,SJC
MCI,DCA
SNA,MSP
PHL,SEA
MCO,SLC
RDU,MDW
IAD,BDL
OKC,ORD
DCA,PBI
SMF,MSP
BOS,SLC
IAH,MEM
BUF,BOS
PFN,ATL
TUS,IAH
FNT,DTW
CMH,IAH
DFW,JFK
MCO,BHM
JFK,MSY
MDW,SFO
DLH,MSP
ATL,PFN
DCA,MCI
OMA,STL
BDL,CVG
PHL,SLC
SFO,CVG
DCA,CVG
ORD,MDT
DCA,IND
IAH,LFT
MSY,MIA
MSY,JFK
BWI,JAX
SLC,BOS
TPA,PIT
OGG,PHX
DCA,JAX
MDT,ORD
IAH,BNA
PVD,TPA
MIA,MSY
MSP,SMF
KTN,SEA
IAH,OMA
DCA,BDL
SLC,PHL
MCO,ALB
TPA,MSY
PHX,BNA
JAX,DCA
JFK,DFW
ORD,GRB
TPA,PVD
STL,OMA
GEG,MSP
PHL,SAN
OKC,ATL
CLE,STL
GRB,ORD
GRB,MSP
CLE,BOS
DTW,SYR
BDL,MSP
MHT,DTW
BWI,LAX
IND,DCA
RNO,PDX
STL,CLE
MDW,IND
HOU,TUL
OMA,IAH
BNA,IAH
FLL,LAX
SYR,DTW
MIA,IAD
CVG,SFO
STL,TPA
JFK,JAX
BIS,MSP
MSP,BDL
CLT,ALB
DFW,RIC
SFO,MDW
LAN,DTW
TUS,ATL
MSP,DLH
ATL,TUS
TUL,HOU
RIC,DFW
MSP,BIS
JAX,BWI
RDU,TPA
PDX,RNO
JAX,JFK
DTW,FNT
IAD,MIA
ALB,MCO
DCA,MKE
LIT,MEM
EWR,JAX
STL,EWR
MKE,DCA
TPA,STL
ORD,MHT
MSY,MEM
PIT,CVG
MHT,ORD
PHX,OGG
PIT,TPA
LAS,ELP
DTW,MHT
CVG,TPA
BOS,CLE
MSP,GRB
ABQ,ORD
MSY,LAX
MIA,STL
LAS,FAT
TPA,RDU
TPA,CVG
STL,MIA
FLL,PIT
LAX,MSY
EWR,STL
OGG,SEA
DAY,DFW
ALB,PHL
SLC,MDW
MEM,MSY
STL,SLC
DFW,HSV
BDL,MDW
TUL,STL
DCA,MEM
DTW,LAN
SEA,MCO
LAX,FLL
LGA,IND
MBS,DTW
MSP,GEG
CMH,MSP
JAN,DFW
JNU,ANC
JAX,EWR
MDW,SLC
EWR,DCA
PHL,SYR
BHM,MCO
IAD,EWR
SLC,BWI
DTW,MBS
RNO,SFO
HSV,DFW
JFK,AUS
ORD,ABQ
OAK,IAD
BTR,DFW
OKC,MCI
MSP,HNL
PIA,ORD
IAH,BHM
MDW,BDL
MSP,CMH
BWI,PIT
AUS,JFK
CVG,PIT
MCI,BWI
ORD,TUS
PHL,MSY
PDX,EWR
BWI,SLC
SFO,RNO
MEM,DCA
IAD,OAK
BDL,DCA
TUL,PHX
EWR,CVG
MSY,EWR
TYS,CLT
CMH,TPA
RNO,OAK
DFW,DAY
SAN,CLT
CVG,EWR
MGM,ATL
PVD,DCA
MCO,SEA
SFO,EUG
PHL,ALB
BHM,IAH
TPA,CMH
EUG,SFO
RDU,CVG
DFW,BTR
MSP,DSM
EWR,MSY
PIT,BWI
DFW,JAN
EWR,IAD
SNA,EWR
ALB,CLT
CLT,OAJ
BLI,SEA
TUS,ORD
SHV,DFW
FAT,LAS
MEM,LIT
CLT,DAY
BLI,LAS
DFW,PBI
ALB,DTW
PBI,DFW
DAL,BHM
DTW,ALB
CLT,TYS
PHL,MKE
AVL,CLT
ATL,AGS
LGA,IAD
IAH,JFK
HNL,MSP
ATL,MGM
OAK,RNO
SEA,DCA
BNA,MSY
MKE,PHL
ELP,LAX
DSM,MSP
LAX,ELP
BWI,BHM
DFW,HOU
ELP,LAS
ANC,JNU
DAY,CLT
RIC,PHL
BWI,MCI
DCA,SEA
STL,TUL
LGA,BNA
MEM,SAT
GSP,CLT
SEA,STL
JFK,IAH
LAS,BLI
ABQ,OAK
MCI,OKC
MEM,PHX
PHX,MEM
BHM,BWI
CLT,AVL
CMH,STL
ORD,PIA
LGA,MDW
EWR,BUF
SBA,LAX
DCA,PIT
MCI,SAN
EWR,SNA
MDW,LGA
IAH,STL
HNL,SLC
IND,LGA
SLC,HNL
HOU,DFW
CVG,JFK
DTW,CLE
HOU,ABQ
SJC,ATL
SEA,BLI
SAT,MEM
IAD,LGA
PHX,TUL
EWR,PDX
MSY,BNA
BUF,EWR
BNA,LGA
MEM,MKE
SJC,AUS
MDW,PDX
CRP,DFW
MKE,MEM
CLT,SAN
BZN,MSP
DCA,EWR
LIT,IAH
LAX,SBA
IAH,LIT
BWI,DAY
MSY,PHL
LGA,PHL
ATL,SJC
SLC,SJC
CLE,DTW
AUS,SJC
DAY,BWI
PHL,PWM
PDX,MDW
STL,SEA
OAJ,CLT
PHX,FLL
MSP,BZN
JAX,TPA
IAH,OAK
MSY,DCA
IND,MEM
BHM,TPA
FLL,PHX
BTV,ORD
DCA,MSY
SJC,MSP
OAK,ABQ
STL,IAH
SGF,DFW
LAX,MEM
SJC,SLC
OAK,IAH
DFW,CRP
BTV,PHL
DFW,SGF
ELP,HOU
BWI,PWM
EWR,CMH
OAK,HNL
PWM,PHL
ABQ,MSP
STL,CMH
SAN,HNL
PWM,BWI
DFW,SHV
TPA,BHM
FAY,ATL
MEM,TPA
BWI,IND
LAS,GEG
STL,OKC
ATL,FAY
CVG,BWI
CLE,BNA
BUF,LGA
BNA,CLE
ORD,BTV
FAT,PHX
MSP,SJC
PHL,RIC
ATL,MYR
ORD,COS
RDM,PDX
OKC,STL
HNL,OAK
ORD,XNA
SLC,BZN
TPA,MEM
SAN,ABQ
BWI,CVG
HNL,SAN
MAF,DFW
SBN,ORD
MSP,ABQ
PHL,BTV
MSP,PIT
PHX,RDU
PDX,JFK
CMH,EWR
BZN,SLC
MYR,ATL
SAN,MCI
SAN,BWI
CLT,GSP
COS,ORD
RDU,PHX
ATL,TUL
DFW,OAK
SLC,JAC
MHT,CLT
STL,SFO
EWR,AUS
PDX,MFR
GFK,MSP
TPA,CLE
TPA,JAX
ABI,DFW
PIT,DCA
EWR,MKE
PDX,RDM
MSP,GFK
DSM,DFW
SAN,BOS
TPA,MHT
CHA,ATL
ILM,ATL
CVG,IAH
BIL,MSP
CAE,CLT
ORD,PBI
MEM,IND
ABQ,MDW
BWI,MKE
HNL,SMF
IAH,CVG
SAN,AUS
XNA,ORD
MKE,EWR
IAD,STL
SAN,CVG
JFK,PDX
BWI,SAN
MCI,LGA
PIT,MSP
BHM,MSY
BNA,FLL
CLT,EWN
IAH,IAD
BRO,IAH
ABQ,SAN
MKE,BWI
JAC,SLC
LAS,MSY
OAK,DFW
AUS,EWR
ORD,LIT
AVL,ATL
CLE,TPA
MSY,LAS
BOS,SAN
MHT,TPA
LGA,BUF
DTW,SAN
IND,BWI
GEG,LAS
PHL,GSO
MCI,IND
SMF,HNL
ATL,ILM
MSP,BIL
LAX,FAT
PHX,FAT
TUL,ATL
GNV,ATL
TYS,ORD
PBI,ORD
MSP,RAP
JFK,CVG
EYW,MIA
SAN,DTW
DFW,MAF
RDU,LAS
ATL,SYR
IAH,MAF
ABQ,HOU
LIT,ORD
MSP,RDU
DTW,TVC
ATL,GNV
LGA,MCI
HNL,SJC
IAD,IAH
MDT,ATL
IAH,BRO
ORD,SBN
CLT,MHT
MIA,EYW
CLT,ROA
BWI,AUS
HOU,ELP
FAT,LAX
SAT,DTW
LAS,RDU
ROA,CLT
RAP,MSP
GSO,PHL
LAX,MKE
ORD,TYS
EWN,CLT
EWR,SAT
DFW,DSM
ATL,MDT
MFR,PDX
MCI,TUL
SYR,ATL
ATL,AVL
MSY,BHM
MAF,IAH
IAD,PIT
SJC,HNL
MKE,LAX
TVC,DTW
RDU,MSP
SFO,STL
CVG,SAN
AUS,BWI
CLT,SYR
ABQ,MCO
LGA,CHS
ATL,OMA
ANC,ORD
BIL,SLC
SMF,MDW
BOS,STL
GEG,PHX
SLC,BIL
LEX,CVG
SAT,MCO
PHL,ROC
OMA,ATL
AUS,SAN
FWA,ORD
PHX,GEG
PDX,OGG
ABQ,TUS
ATL,PVD
MCO,ABQ
IND,MCI
SAT,BWI
PIT,IAD
HNL,EWR
MIA,JAX
CVG,STL
SEA,CLT
CLT,CAE
JAX,MIA
PHX,COS
CHS,LGA
TUL,MCI
DTW,SAT
STL,CVG
SGF,ORD
ORD,SGF
FLL,BNA
DFW,ABI
COS,PHX
BWI,SAT
CLT,HSV
IND,CVG
PHX,IAD
OGG,PDX
SAN,SAT
SLC,ANC
EWR,IND
ORD,ANC
DCA,BNA
ROC,MCO
SAN,RNO
DFW,FAT
ORD,FWA
TUS,MDW
SAT,EWR
ATL,CHA
EWR,HNL
IAD,PHX
EWR,PVD
FLL,CLE
ROC,BWI
PNS,DFW
FAT,DFW
CLT,PNS
ANC,SLC
TVC,ORD
PVD,ATL
STL,BOS
CVG,LEX
ROC,PHL
JFK,HOU
IAH,COS
LEX,CLT
MCO,ROC
JAX,DTW
ELP,ATL
ORD,TVC
HSV,CLT
PIT,FLL
SAN,BNA
DCA,SYR
CLT,LEX
PNS,CLT
BNA,SAN
OAK,HOU
LAS,OKC
CLE,FLL
PNS,IAH
LGA,GSO
DFW,PNS
CLT,SEA
CMH,DCA
CVG,MCI
ATL,XNA
BOS,RIC
STL,IAD
PBI,DTW
TUS,ABQ
DTW,JAX
HOU,JFK
MSO,SLC
OGG,DFW
SYR,CLT
RNO,SAN
JAN,IAH
ATL,ALB
FLL,HOU
SLC,MSO
HOU,OAK
SBN,DTW
ABE,CLT
TPA,BUF
IAH,PNS
COS,IAH
ATL,ELP
MEM,MCI
PVD,EWR
LAS,BUF
CVG,BNA
DTW,SBN
DTW,SLC
CLT,CAK
SLC,DTW
BWI,ROC
IAH,JAN
MDT,PHL
SBA,PHX
ACY,MYR
IAD,PVD
MOT,MSP
HOU,FLL
DTW,AZO
MDW,TUS
MSP,MOT
CLE,MKE
GSO,LGA
ALB,ATL
ANC,PDX
MDW,ABQ
MYR,ACY
CLT,ABE
AZO,DTW
MCO,SAT
XNA,ATL
BNA,CVG
IND,EWR
RIC,BOS
ROC,DTW
DTW,PBI
SJC,MDW
BUF,LAS
DFW,OGG
ALB,MDW
BNA,BHM
CAK,CLT
PHX,SBA
MCI,MEM
BNA,DCA
CVG,IND
MKE,CLE
BUF,TPA
LAX,TPA
PHL,MCI
ADQ,ANC
STL,LIT
MSY,IAD
ELP,ABQ
BNA,AUS
ALB,DCA
OKC,LAS
ANC,ADQ
PVD,IAD
MCI,TPA
FLL,CVG
MDT,DTW
MYR,BOS
AGS,CLT
IAH,MKE
MKE,IAH
DTW,MDT
MCI,PHL
ABQ,ELP
ORD,ATW
TPA,MCI
EWR,MEM
CLT,AGS
EWR,BNA
CMI,ORD
STL,MEM
CLT,TLH
BNA,MEM
CVG,RDU
GEG,OAK
ORD,CMI
DTW,ROC
DCA,ALB
LSE,MSP
ATW,ORD
SEA,ABQ
MSP,BNA
DFW,CID
MCI,EWR
ROC,EWR
ORD,GSO
COS,MSP
ABQ,SEA
BNA,EWR
EWR,MCI
BWI,ABQ
ATL,SHV
RDU,FLL
SAT,SAN
AVP,PHL
PWM,ORD
PHL,HOU
CAK,LGA
MEM,BNA
MDW,SMF
MEM,EWR
CID,DFW
HOU,BHM
FLL,RDU
EWR,ROC
ELP,ORD
OMA,MEM
DCA,CMH
MCI,CVG
CVG,FLL
BNA,MSP
IND,IAD
LIT,STL
LGA,CAK
MEM,STL
BMI,ORD
MSP,LSE
IAD,SLC
BOS,MYR
SEA,MCI
ORD,RST
IAD,MSY
BHM,BNA
SAT,MDW
ABQ,BWI
FCA,SLC
TLH,CLT
AUS,MCO
SLC,IAD
MEM,OMA
DTW,DAY
DAY,DTW
MSP,COS
EWR,PWM
FSD,ORD
EUG,SEA
CLT,MKE
MCO,AUS
GSO,ORD
ORD,ELP
SHV,ATL
LAX,IND
BNA,MIA
SLC,FCA
IAD,IND
PWM,EWR
SLC,IDA
MCI,SEA
ORD,FSD
SLC,TUS
FLL,MSP
MDW,ALB
RST,ORD
TUS,SLC
AUS,LBB
PHL,MDT
SFO,CLE
SYR,DCA
DTW,OMA
TPA,MKE
MDW,SJC
CMH,BNA
SBA,SFO
IDA,SLC
PHL,AVP
MKE,TPA
GPT,IAH
MKE,CLT
IAD,CMH
ORD,BHM
PDX,EUG
PDX,ANC
SFO,MFR
OMA,DTW
CVG,PHX
CLE,SFO
SFO,SBA
MHT,DCA
AUS,MDW
ORD,PWM
ROA,ATL
CMH,IAD
SEA,MSO
RST,MSP
ORD,CHS
BWI,EWR
MCI,OAK
TPA,LAX
PHX,CVG
IAD,ALB
HSV,DCA
IAD,JAX
SBN,CVG
MFR,SFO
ATL,ROA
PWM,ATL
OAK,BOS
CVG,SBN
LEX,ORD
SEA,RDM
PWM,DCA
CVG,MKE
BNA,CMH
ALB,EWR
AUS,BNA
ORD,BMI
ORD,OGG
EUG,PDX
OAK,GEG
MDW,BHM
BDL,FLL
OAK,MCI
DCA,PWM
ORD,LEX
IAD,SYR
IAH,GPT
IAH,LBB
FLL,BDL
CLT,CHO
LBB,AUS
MSO,SEA
ATL,PWM
MDW,SAT
IAD,CLE
MIA,BNA
IND,LAX
IAD,ROC
CLE,IAD
BHM,MDW
CHS,ORD
BHM,HOU
IAD,PHL
ERI,DTW
HOU,PHL
JAX,IAD
SYR,IAD
DAY,CVG
EWR,BWI
DTW,DSM
MKE,CVG
BUF,IAD
ALB,IAD
DFW,TYS
BHM,ORD
MSP,CID
DCA,MHT
SEA,EUG
MCI,IAD
MDW,AUS
RIC,EWR
CHO,CLT
ROC,IAD
MSP,FLL
IAD,MCI
CLE,DCA
DSM,DTW
LBB,IAH
EWR,RIC
TYS,DFW
DCA,HSV
BOS,OAK
DCA,BUF
CLT,LIT
TUS,MSP
ATL,GRR
FLL,MSY
DTW,ERI
IAD,BUF
PHX,BFL
MCI,ABQ
JFK,SJC
OGG,SAN
SCE,PHL
EWR,BTV
SAT,BNA
RDM,SEA
SBP,LAX
PHL,DAY
ELM,PHL
LIT,CLT
BNA,SAT
MSP,RST
BFL,PHX
YKM,SEA
MEM,BWI
RIC,CVG
PHL,ELM
BTV,EWR
CHS,DCA
CID,MSP
DTW,TYS
CWA,MSP
BWI,MEM
DCA,CLE
TUL,LAS
LGA,PWM
IAH,AMA
SMF,SFO
LAX,SBP
SJC,JFK
BUF,FLL
GRR,ATL
PHL,SCE
MSY,FLL
SFO,MCO
ATL,COS
SLC,DCA
DCA,SLC
LAS,TUL
MSP,TUS
AZO,ORD
DCA,BTV
AMA,IAH
SFO,AUS
BWI,JFK
MEM,PHL
RIC,IAD
OMA,MKE
MKE,OMA
EWR,ALB
DAY,PHL
MEM,BHM
DCA,CHS
SEA,YKM
MAF,HOU
MSY,STL
BHM,MEM
ORD,RNO
MSP,CWA
PWM,LGA
LAS,DCA
PHL,CHS
PVD,CLE
SYR,EWR
LGA,JAX
MOB,IAH
COS,ATL
PHL,MEM
JAN,BWI
BTV,DCA
PHL,ILM
IAH,MOB
FLL,BUF
AUS,SFO
BUF,DCA
RNO,ORD
MEM,FLL
CVG,RIC
SFO,SMF
SAN,OGG
ORD,SAV
ORD,ABE
ORD,AZO
IAD,CHS
SJT,DFW
LEX,DTW
CHS,PHL
JAX,LGA
RDU,STL
EYW,ATL
CLE,BDL
MHT,EWR
BDL,CLE
MEM,MIA
CVG,JAX
LAW,DFW
JFK,BWI
BWI,JAN
CLL,IAH
FLL,MEM
TUS,SEA
MEM,BTR
IAD,RIC
ABE,ORD
CLE,PVD
MIA,MEM
BGM,PHL
PHL,IAD
CMH,MEM
ORD,LNK
ORD,JAC
OKC,MEM
EWR,MHT
SAV,ORD
DCA,LAS
IAD,PWM
CLT,CRW
ILM,PHL
MCO,SFO
ATL,EYW
CLE,CVG
PHL,BGM
IAD,SAV
GRR,CVG
CRW,ATL
IAD,BTV
CHS,IAD
CLE,MCI
CVG,IAD
STL,MSY
EWR,GSO
LNK,ORD
IAD,CVG
MEM,OKC
JAX,MEM
BTR,MEM
LGA,SAV
CHA,CLT
DFW,SJT
STL,FLL
SEA,TUS
BWI,LGA
IAD,MDT
EWR,SYR
SAT,CLT
ATL,CRW
PGV,CLT
RIC,MCO
ITO,OGG
ATL,CSG
BOS,IND
CLE,MHT
MDT,IAD
CRW,CLT
MEM,JAX
CLT,PGV
CVG,GRR
PWM,IAD
MEM,AUS
STL,RDU
SHV,IAH
MCO,SYR
CSG,ATL
IAD,CAE
CLT,SAT
MSP,SAT
DTW,LEX
SYR,MCO
MHT,CLE
CVG,MIA
IND,BOS
CVG,BHM
MSO,MSP
SEA,MIA
IAH,ICT
GPT,MEM
DTW,MYR
DFW,LRD
AUS,CLT
SPS,DFW
BDL,EWR
BOS,CMH
IND,CLE
DSM,MEM
YUM,PHX
STL,MKE
MYR,DTW
CLE,IND
IAH,SHV
SAV,IAD
CMH,BOS
SAT,MSP
SAV,LGA
ATW,MSP
RNO,IAH
OGG,ITO
IAH,RNO
ICT,IAH
ITH,PHL
DAY,MCO
FLL,STL
LRD,DFW
CLT,GNV
PHX,YUM
MCI,SLC
ACT,DFW
MEM,GPT
BTV,IAD
IAH,TYS
CVG,CLE
AUS,MEM
PHL,ITH
TYS,IAH
CLT,AUS
JAX,CVG
MCO,RIC
DTW,RIC
DFW,GSO
SEA,PUW
CVG,GSO
TPA,ACY
TYS,MEM
FAT,SFO
CLE,JFK
CLT,CHA
TYS,DTW
MEM,CMH
MCI,CLE
DFW,LAW
ACY,TPA
MSP,MSO
LAX,DCA
TYS,CVG
LGA,MSY
CLE,ALB
DTW,FWA
EAT,SEA
SLC,MCI
GNV,CLT
GSO,EWR
CVG,DAY
ACV,SFO
BUF,CLE
MSY,LGA
LCH,IAH
SFO,ACV
MCO,DAY
RIC,DTW
CLE,RDU
DHN,ATL
DTW,GSO
SLC,TPA
EVV,ORD
CVG,TYS
PDX,PHL
MIA,CVG
GSO,DTW
CLE,BUF
ATL,DHN
EWR,BDL
MKE,STL
ROC,LGA
EWR,CHS
JFK,CLE
MEM,DSM
TPA,SLC
PDX,IAD
PHX,PVD
RDU,CLE
MEM,TUL
PWM,DTW
IAD,MHT
GSO,IAD
ORD,GSP
ABQ,MCI
DCA,LAX
PVD,FLL
GSO,DFW
LGA,BWI
BHM,DTW
CAK,DTW
MIA,SEA
SEA,EAT
PHX,MHT
ATL,DSM
SLC,RDU
ORD,EVV
GSO,CVG
GRR,MKE
SAN,STL
ABE,PHL
GSP,ORD
DFW,GSP
FNT,ORD
MEM,PNS
ALB,CLE
DTW,CAK
MSP,ATW
JAC,ORD
DTW,PWM
SFO,FAT
TUL,MEM
BHM,CVG
IAD,AUS
DFW,ACT
DTW,BHM
IAH,GRK
AUS,IAD
SAN,HOU
PVD,LAS
MDW,JAN
IAD,GSO
GSP,DFW
HOU,MAF
IAH,LCH
MEM,BOS
RDU,MEM
CVG,MEM
LAS,MEM
LGA,ROC
PNS,MEM
RDU,SLC
PIT,CLE
ELM,DTW
CHS,EWR
MHT,LAS
GRK,IAH
FLL,PVD
DTW,ELM
SLC,COS
JAN,MDW
PDX,CVG
FCA,SEA
TLH,MEM
SFB,ABE
MEM,TLH
IAH,CLL
ABE,SFB
DFW,CHS
PIT,MEM
COS,SLC
ROC,DCA
STL,SAN
PBI,BDL
MHT,IAD
SLC,OGG
CAE,IAD
AEX,IAH
SEA,FCA
ORD,FNT
OGG,SLC
BOS,MEM
DAY,IAD
FWA,DTW
SEA,MEM
DTW,GSP
TPA,ALB
GRR,CLE
IAD,PDX
MSY,PHX
DTW,ATW
LGA,DAY
DSM,ATL
ORD,FAR
IAD,DAY
GSP,CVG
IND,STL
HOU,SAN
DCA,ROC
MEM,PIT
FLO,CLT
JAN,MEM
ATL,SBN
MSP,AUS
LAS,PVD
FSM,DFW
SYR,CVG
FAR,ORD
SBP,PHX
BTV,LGA
MEM,LAS
CWA,ORD
LAX,GEG
JFK,CMH
SBN,ATL
IAH,AEX
ORD,CAE
MHT,PHX
CLE,GRR
LAS,ALB
GEG,LAX
AUS,MSP
ORD,CWA
MSN,MKE
CVG,PDX
MEM,RDU
BWI,MSY
PVD,CVG
MCO,FNT
OMA,CVG
GSP,DTW
PHX,SBP
FNT,MCO
ICT,MEM
RNO,MDW
MEM,JAN
MEM,CVG
CHS,DFW
CVG,GSP
STS,LAX
SAT,CVG
BDL,LAS
CAK,BOS
BUF,PHX
PHX,BUF
PHX,MSY
CVG,ALB
TYR,DFW
LAS,AMA
PHX,MIA
ATW,DTW
BDL,PBI
BUF,CVG
STL,BNA
FLL,MYR
MDW,RNO
CAE,ORD
PVD,PHX
DFW,FSM
LAS,LIT
DAY,LGA
XNA,IAH
CVG,SYR
CVG,MDT
SLC,HLN
CVG,PVD
MEM,ICT
ROC,BOS
ALB,CVG
MEM,SEA
ORD,LSE
IAH,RIC
DSM,PHX
PHX,DSM
BHM,LAS
LAX,STS
LIT,LAS
LAS,MHT
OAK,BNA
MHT,ATL
MAF,LAS
ALB,LAS
FLL,AUS
LGA,BTV
AMA,LAS
SEA,BNA
IAH,XNA
STL,SAT
ALB,TPA
MKE,GRR
PHX,FLG
LAS,LBB
LSE,ORD
MYR,FLL
IAH,GSO
AUS,FLL
BZN,SEA
FLG,PHX
LAX,PIT
PHL,PDX
ATL,MHT
BNA,STL
MSP,LNK
BDL,MIA
GSO,IAH
ATL,SGF
BTV,BWI
CLE,PIT
CLT,FLO
SFB,TYS
MDT,CVG
TYS,SFB
BWI,BTV
CVG,OMA
LIT,MDW
SAT,STL
RIC,IAH
BGR,PHL
MAF,ABQ
LNK,MSP
BOS,ROC
MOB,DFW
PHL,ABE
CLE,MEM
MDW,LIT
HLN,SLC
SGF,ATL
BNA,IAD
CVG,SAT
PIT,SFO
BWI,LIT
GJT,SLC
MIA,PHX
EWR,SAV
DCA,OMA
PWM,MCO
CMH,JFK
BNA,PVD
LAS,MAF
DFW,MOB
CVG,BUF
ABQ,TPA
JFK,ANC
BOS,CAK
COS,LAS
ATL,EVV
BDL,JFK
MCO,PWM
SFO,PIT
CMH,MKE
SAT,IAD
OMA,DCA
BOS,PDX
DAY,DCA
STL,IND
SMF,JFK
ANC,JFK
LBB,LAS
IAH,CHS
MYR,EWR
DFW,SPS
MEM,CLE
LFT,ATL
MSP,FCA
DFW,CAE
CLE,SYR
ROC,CLT
LAS,BDL
CLT,ROC
ABY,ATL
ILM,LGA
ATL,LFT
EWR,MYR
LAS,COS
PDX,MCI
GPT,DFW
MCI,PDX
OKC,BWI
TPA,AUS
SEA,GTF
CHS,IAH
PIT,LAX
HOU,JAX
JFK,SMF
IAD,SAT
SMF,IAD
MEM,TYS
PHL,BGR
MKE,CMH
LIT,BWI
EVV,ATL
EWR,ANC
MKE,MSN
HSV,MEM
BHM,PHX
PHX,BHM
MSY,BWI
PDX,DTW
DAY,CLE
DFW,GPT
ATL,OAJ
SYR,CLE
GSO,MEM
SAV,EWR
PDX,BOS
ATL,ABY
BNA,BDL
FWA,ATL
JFK,BNA
BOS,MCI
PWM,CLT
MCI,BOS
MEM,PFN
ATL,FWA
CID,DTW
FCA,MSP
BWI,OKC
FAT,SEA
LGA,ILM
CLE,DAY
STL,BHM
MEM,HSV
DTW,ABE
MSY,CVG
FLL,IND
VLD,ATL
SEA,BIL
ABQ,STL
ORD,SPI
CAK,ORD
SAN,ELP
MCO,CAK
BNA,SEA
IAD,GSP
MIA,BDL
DTW,CWA
DBQ,ORD
SLC,GJT
BWI,SFO
CAK,TPA
FLL,SLC
AUS,TPA
TPA,ABQ
BIL,SEA
PVD,BNA
MEM,XNA
IND,FLL
SNA,CVG
SPI,ORD
GTF,SLC
EWR,OMA
DFW,TYR
SLC,FLL
OAJ,ATL
MEM,GSO
SLC,SGU
IAH,DAY
DTW,PDX
CVG,MSY
DSM,CVG
ORD,CAK
CLT,PWM
OMA,EWR
CVG,CAE
CWA,DTW
PFN,MEM
LAX,COS
SBY,PHL
BDL,BNA
PDX,ABQ
BHM,JAX
ABE,DTW
ALB,JFK
SFO,BWI
ATL,VLD
SEA,FAT
JAX,BHM
ROA,ORD
SLC,GTF
MCI,SFO
SGU,SLC
ABQ,LBB
BNA,JFK
JAX,HOU
DAY,IAH
TPA,ROC
GSP,IAD
IAH,SAV
BOS,JAX
MEM,MOB
LRD,IAH
TPA,CAK
MSY,MDW
LGA,SYR
LIT,CVG
LFT,DFW
ATL,AEX
DTW,CID
LAS,BHM
IAH,TYR
CAK,MCO
PHL,SBY
ORD,DBQ
STL,ABQ
MSP,GTF
JAX,BOS
IAD,SMF
ABQ,MAF
ABQ,IAD
CAE,CVG
CLE,ROC
DFW,LFT
ROC,TPA
PIA,LAS
TUL,CVG
MOB,MEM
LAN,ORD
GSO,DCA
CAE,DFW
SFO,MCI
ANC,PHX
LAS,PIA
ORD,LAN
COS,LAX
ATL,ABE
SAV,IAH
MKE,SEA
IAH,HSV
DTW,EVV
XNA,MEM
GEG,ORD
CVG,ROC
DSM,LAS
MGM,MEM
AEX,ATL
IAH,LRD
MDW,MSY
JAN,CLT
STL,SNA
SEA,MKE
SLC,SAT
ATW,MKE
ABE,ATL
ROC,CVG
ORD,TOL
GTF,MSP
LAS,DSM
TYR,IAH
BNA,OAK
HSV,IAH
ROC,CLE
DCA,DAY
TOL,ORD
FWA,CVG
AUS,BOS
SBP,SFO
ICT,LAS
CVG,HSV
HNL,ANC
EVV,DTW
GSP,SFB
LAS,ICT
TPA,SAT
MFR,LAX
CMH,CLE
ELP,SAN
MEM,MGM
SHV,MEM
CVG,LIT
DCA,GSO
PHL,HVN
MQT,DTW
PHX,ANC
BDL,PIT
MSP,SUX
CVG,DSM
SYR,LGA
SUX,MSP
ROW,DFW
ORD,ROA
DFW,MSN
ABQ,PDX
GTR,ATL
MEM,SGF
DFW,ROW
GSP,MEM
MSP,FAI
CVG,SNA
HVN,PHL
LYH,CLT
SFB,GSP
MCO,JAN
RDU,BDL
ICT,PHX
SLC,AUS
MSP,JAX
MKE,PIT
BDL,PHX
SGF,MEM
ORD,MBS
DTW,OKC
ATL,GTR
SAT,TPA
CVG,TUL
SAT,SLC
MKE,FLL
PHX,BDL
DFW,SAV
PIT,MKE
AUS,CVG
MEM,SHV
BTV,DTW
ABQ,CVG
PHL,ERI
SLC,CLE
MFR,SEA
GPT,TPA
TPA,GPT
IAD,ABQ
HOU,LIT
SFO,SBP
BOS,AUS
SLC,OKC
CVG,MHT
SLC,FAT
DTW,BTV
DTW,MSY
MEM,GSP
PIT,BDL
DTW,ROA
MBS,ORD
CID,CVG
CLE,CMH
FLL,MKE
MHT,CVG
OKC,SLC
CLE,SLC
CLT,LYH
CVG,FWA
ANC,HNL
BHM,STL
CLT,JAN
PHX,ICT
ERI,PHL
MSP,OKC
MSN,DFW
CVG,CHS
PIT,RDU
LIT,HOU
AUS,SLC
LAX,MFR
BDL,RDU
OKC,CVG
LBB,ABQ
MHT,LGA
ROA,DTW
CLE,SEA
ORD,GEG
MKE,ATW
SEA,CLE
JAN,MCO
JAX,MSP
LAS,CID
IND,JAX
EWR,DAY
AUS,DTW
IAH,GSP
CLE,RIC
CID,LAS
DTW,AUS
FLL,SAT
MSY,DTW
IAH,CAE
FSD,LAS
JAC,DFW
OKC,DTW
CVG,AUS
LGA,MHT
SEA,MFR
BTV,MCO
PHL,JFK
IAD,TYS
SFO,RDD
FAT,SLC
XNA,CLT
GSP,IAH
SAV,DFW
PUW,LWS
BGR,DTW
CLT,XNA
SGF,LAS
JFK,ALB
DTW,MQT
RDD,SFO
SAT,FLL
SCE,IAD
PHL,AUS
IAH,GRR
SMF,MCI
BTV,ATL
DFW,GRR
EWR,GSP
ATL,BTV
DTW,TUL
BGR,BOS
LAS,SGF
CLT,MOB
PIT,STL
DTW,BGR
LAS,FSD
GRB,MKE
TOL,DTW
CVG,OKC
CVG,ABQ
CVG,SAV
CVG,CID
TWF,SLC
RIC,STL
DSM,STL
TYS,IAD
IAD,SCE
ATL,MLU
CHS,DTW
DTW,CHS
BOS,SJC
AVL,DTW
DAY,MSP
SFO,SAT
SEA,BWI
SAV,CVG
CVG,CHA
STL,RIC
ALW,SEA
SLC,EUG
GSP,PHL
ATL,ANC
DAY,EWR
ERI,CLE
BPT,IAH
IAD,BNA
MSP,DAY
AUS,PHL
SEA,BZN
MEM,SAV
CVG,PWM
GRR,DFW
STL,DSM
BQK,ATL
MLU,ATL
CHO,ATL
EUG,SLC
RDU,PIT
GSP,EWR
ATW,ATL
FAI,MSP
ATL,ATW
GRR,IAH
ATL,BQK
SCK,LAS
MDW,BOS
DFW,JAC
TLH,MIA
HSV,CVG
SEA,ALW
STL,DAY
LAS,SCK
MFR,SLC
CHS,CVG
OKC,MSP
BWI,SEA
SAV,MEM
JAX,IND
CLE,SBN
CAE,IAH
BOS,MDW
SLC,MFR
PHL,SAT
MCO,BTV
CLT,SLC
ANC,ATL
RIC,CLE
DCA,CAE
SJC,BOS
DTW,TOL
MIA,TLH
ATL,CHO
ANC,IAH
MKE,BNA
CLL,DFW
ORD,DAL
MKE,GRB
CAE,PHL
MCI,SMF
CLE,ABE
IAD,ABE
PHL,GSP
PWM,CVG
CHA,SFB
DTW,AVL
ORD,AVP
BDL,STL
CRW,CVG
AUS,MAF
STL,JFK
STL,AUS
STL,PIT
RAP,SLC
BNA,MKE
MSP,ICT
LBB,ELP
MEM,CHS
MOB,CLT
AVP,DTW
CVG,ATW
CLE,ERI
EWN,ATL
EYW,FLL
DAY,STL
RDM,SLC
CHS,MEM
SAT,PHL
DFW,CLL
EVV,MEM
TUL,DTW
SLC,CLT
ATL,EWN
IAD,ROA
SLC,RAP
ABE,IAD
IAD,CHO
AZO,CVG
BOS,BGR
ABE,CLE
SLC,RDM
JFK,BDL
MEM,EVV
JNU,KTN
PHL,CAE
SFB,CHA
BGM,IAD
MDW,DFW
FLL,EYW
TUL,MSP
PBI,CLE
OMA,SLC
RNO,ATL
ATW,CVG
SBN,CLE
CHO,IAD
SLC,SBA
CHA,CVG
CHA,MEM
IAD,BGM
SLC,MSY
DFW,LEX
SJC,EWR
SLC,TWF
AVP,ORD
MSN,CVG
CAE,DTW
EVV,CVG
MSP,TUL
DFW,MDW
JFK,STL
SBA,SLC
SEA,STS
DTW,AVP
IAH,BPT
LWS,SEA
SLC,OMA
CVG,CRW
SJC,IAD
SAT,SFO
STL,BDL
DAL,ORD
JAX,STL
CLE,PBI
ICT,MSP
CVG,AZO
ELP,LBB
XNA,CVG
PUW,SEA
LAX,ACV
JAN,DTW
PIH,SLC
CAE,DCA
LEX,DFW
DFW,PIA
MKE,SFO
CVG,EVV
HLN,SEA
MSP,ALO
CVG,AVL
PVD,JFK
STL,ICT
DTW,JAN
ACV,LAX
SLC,TUL
SFO,MKE
IAH,DSM
DSM,MKE
ALO,MSP
FNT,MKE
PIA,DFW
STS,SEA
HSV,DTW
SFO,MOD
CVG,MSN
DFW,FWA
BIS,LAS
ATL,RNO
LAS,JAX
TUL,SLC
FWA,DFW
MOD,SFO
MGM,CLT
ANC,DFW
EYW,TPA
STL,JAX
AUS,STL
AVP,ATL
LAX,OKC
DTW,DLH
MSO,LAS
SNA,AUS
ANC,LAX
EWR,SJC
GJT,PHX
MEM,CHA
LAS,BIS
SYR,FLL
DFW,ANC
RFD,SFB
JFK,PHL
DTW,CAE
GGG,DFW
MKE,DSM
ATL,AVP
OAK,OGG
CLT,MGM
DTW,SCE
SFO,CIC
EKO,SLC
ATL,PIA
STL,MSN
BGM,DTW
PHX,GJT
MSY,SLC
KTN,JNU
SLC,PIH
CIC,SFO
RDU,IND
SMF,GEG
DTW,BGM
FLL,RIC
PIA,ATL
DSM,IAH
TYS,DCA
SLC,EKO
SCE,DTW
SNA,STL
OGG,OAK
TLH,TPA
SFB,RFD
RIC,FLL
AUS,OAK
GSO,SFB
LAS,MSO
BHM,LGA
DFW,GJT
LAX,ANC
SLC,PIT
GJT,DFW
BUF,MSP
GPT,FLL
AVL,CVG
IND,RDU
CLE,MDT
PIA,DTW
MKE,FNT
DTW,PIA
MLU,IAH
SFB,GSO
DCA,TYS
MDT,CLE
FLL,GPT
MEM,LEX
RDM,LAX
CVG,XNA
FLL,SYR
IAH,ANC
SFO,MEM
DTW,HSV
GEG,SMF
SFO,ABQ
IAH,MLU
LIT,PHX
AVP,CVG
IPT,PHL
DLH,DTW
IAD,SJC
AVP,CLT
SMF,PHL
ICT,STL
BZN,ORD
LAX,RDM
OAK,AUS
PDX,MCO
FSM,MEM
JAX,LAS
ROA,IAD
BJI,MSP
LAS,ANC
CRW,DTW
ORD,BZN
CLT,AVP
ABR,MSP
MEM,SFO
PNS,TPA
CLE,MIA
WFB,WFB
AUS,RDU
TPA,TLH
DCA,GSP
MSP,MSY
CVG,AVP
MSP,ABR
SLC,LWS
MIA,CLE
MCO,PDX
EUG,LAS
LWS,SLC
MSP,EAU
BTM,SLC
PNS,MCO
OKC,LAX
MSP,BUF
CVG,PBI
MKE,IND
MSP,BJI
PHL,SMF
LAS,RFD
LEX,MEM
PBI,CVG
GEG,SAN
PIT,SLC
FLL,MCI
PHL,IPT
ABQ,AMA
DTW,CRW
IAH,LEX
SLC,CPR
MEM,FSM
ATL,GRK
DFW,GGG
LAN,MSP
LFT,MEM
LMT,PDX
IND,MKE
TUS,OAK
AEX,DFW
FAT,SAN
SAN,GEG
RFD,LAS
RDM,SFO
AMA,ABQ
SFO,RDM
SAN,FAT
TPA,PNS
MEM,CAE
CLE,BTV
RDU,AUS
MCO,PNS
CPR,SLC
MSY,MSP
MSN,STL
SBA,SMF
BIL,LAS
MEM,LFT
MAF,AUS
SBA,DFW
PDX,LMT
FLL,TLH
CLT,SBY
LAS,BIL
LAS,SBA
SBY,CLT
GRK,ATL
DFW,AEX
GTF,HLN
SAV,DTW
PHX,LIT
TLH,FLL
CRW,IAD
MCI,FLL
LEX,IAH
OAK,TUS
PAH,MEM
IAD,CRW
TPA,EYW
GSP,DCA
FLO,ATL
FNT,TPA
SFO,ANC
SMF,SBA
MEM,PAH
LAS,EUG
SAV,PHL
ATL,FLO
ABQ,SFO
TUS,CLT
SLC,BTM
BGR,EWR
ANC,SFO
MCI,SAT
ANC,LAS
CLT,TUS
EAU,MSP
DTW,SAV
TPA,DAY
LYH,ATL
ATL,LYH
EWR,CAE
SBA,SEA
CAE,MEM
SAT,MCI
LGA,BHM
MKG,DTW
SGF,SFB
GTF,SEA
MYR,IAD
AUS,SNA
ACV,RDD
LAN,SFB
JFK,PVD
EWR,GRR
MBS,MSP
PHX,EUG
RDD,ACV
SFB,LAN
CVG,TOL
SBA,LAS
EWR,BHM
BTV,CLE
PDX,RDD
LAS,FAR
MKE,BDL
ORD,CRW
SFB,SGF
DTW,MKG
TOL,CVG
SEA,SBA
FAR,LAS
TPA,FNT
EWR,AVL
FSD,CVG
GRR,EWR
BMI,DTW
DFW,SBA
DTW,BMI
PHL,SAV
PHL,TYS
DAY,TPA
SFO,IND
MEI,ATL
AVL,EWR
IAD,HSV
DSM,SFB
ACY,PBI
IAH,CRW
EUG,PHX
CAE,EWR
SFB,GPT
TVC,MSP
MSP,PIA
PDX,FAT
AEX,MEM
PVD,LGA
GPT,SFB
BDL,MKE
OMA,CLE
ROA,PHL
RDD,LAX
MHT,FLL
MFR,LAS
STS,PDX
FNT,CLE
RDD,PDX
PIA,MSP
STL,CID
FAT,PDX
IAD,MYR
ORD,CHA
CID,STL
BDL,IND
MSP,LAN
IND,BDL
SFB,DSM
DTW,ITH
MCI,RDU
IND,SFO
DRO,PHX
PDX,CLT
ATL,MEI
PBI,ACY
RIC,MSP
ITH,DTW
TUP,MEM
STC,MSP
CLE,FNT
BHM,EWR
LAS,MFR
CVG,FSD
EWR,BGR
ROA,SFB
SBN,SFB
MEM,AEX
TYS,PHL
MSP,RIC
SFB,SBN
SLC,CMH
PDX,STS
PHX,DRO
MSY,RDU
CMH,SLC
BRD,MSP
RDU,MSY
CRW,ORD
LGA,PVD
BLI,AZA
HSV,IAD
CLT,PDX
SFB,ROA
MKE,RDU
CRW,IAH
RDU,MKE
SEA,AUS
FLL,MHT
MKE,DAY
CLE,OMA
ORD,RAP
CMH,PGD
MEM,TUP
PHL,ROA
FAR,AZA
MSP,STC
MSP,BRD
ATL,FSM
CHA,ORD
LAX,RDD
TUS,EWR
FLL,GSP
AZA,BLI
LAW,ATL
LAX,BDL
MSN,CLE
EWR,TYS
MLU,DFW
CVG,LAN
PGD,CMH
LAN,CVG
CVG,ROA
AZA,FAR
DAY,MKE
SAN,COS
MCW,MSP
BMI,MCO
MSP,MDT
IAH,ACT
AUS,SEA
DFW,MLU
OKC,IAD
RDU,MCI
BOS,MSY
MSY,JAX
TOL,SFB
EWR,TUS
AUS,MSY
GSP,FLL
IAD,OKC
MSP,MBS
TYS,FLL
FLL,TYS
DTW,ANC
MDT,MSP
CAK,PHL
MSY,MCI
ATL,LAW
TYS,EWR
CHO,PHL
PBG,FLL
MSP,MCW
ACT,IAH
BGR,ATL
FSM,ATL
IND,MIA
MSY,BOS
BGR,SFB
MSY,AUS
CMH,MIA
CLE,MSN
SFB,TOL
MCI,MSY
MSP,MHT
COS,SAN
MIA,IND
CLE,AUS
GPT,CLT
GRR,MEM
MEM,GRR
MSP,PVD
FLL,PBG
FSD,AZA
CVG,ABE
ROA,CVG
AUS,CLE
IAH,TLH
ATL,MSN
GRB,CVG
ITH,LGA
AZA,FSD
LGA,MSN
MLU,MEM
LGA,CAE
PDX,SBA
CID,AZA
LAX,EUG
SHV,LAS
LAS,SHV
ATL,BGR
LGA,ITH
MSN,LGA
XNA,MSP
MSP,TVC
PHL,CHO
JAX,MSY
PIT,MIA
MSO,AZA
LAX,YUM
SFB,BGR
FWA,CLE
OKC,CLE
CVG,GRB
MIA,CMH
IAH,DRT
MSP,ALB
OXR,LAX
MEM,MLU
CAE,LGA
AZA,CID
DRT,IAH
TLH,IAH
BDL,LAX
LAX,OXR
MSY,CLE
MIA,PIT
YUM,LAX
BGR,JFK
LAX,BFL
ATL,JAC
PHL,CAK
DTW,LIT
AZA,MSO
PVD,MSP
EWR,XNA
XNA,LAX
CMI,DTW
XNA,STL
LGA,GSP
SBA,PDX
SMF,ABQ
TUS,SMF
MCO,BMI
ABQ,SAT
CLT,GPT
ABE,CVG
BLI,RNO
MDT,DFW
LAS,GTF
BFL,SFO
PHL,BHM
JAC,ATL
PHL,EWR
MSN,ATL
IAH,AVL
GSO,MIA
BHM,PHL
XNA,EWR
GTF,LAS
SMF,TUS
BFL,LAX
EWR,OKC
LAS,LRD
MSP,XNA
LRD,LAS
CLE,FWA
SLC,YUM
EUG,LAX
MHT,MSP
RNO,BLI
RDU,JAX
RDU,CMH
YUM,SLC
AUS,MCI
JAX,RDU
ANC,DTW
DFW,MDT
MSP,ROC
LGA,XNA
SPI,STL
LAX,XNA
MTJ,IAH
SBN,LAS
AVL,IAH
DTW,CMI
LGA,TYS
SYR,BOS
SLC,SLE
CLE,AVP
MIA,GSO
EWR,ABQ
RIC,MIA
RAP,LAS
FLL,CAE
MEM,MSN
SLE,SLC
BOS,SYR
LAS,SBN
RAP,ORD
BTM,BZN
GRB,LAS
BIL,AZA
PIT,MYR
ABQ,AUS
LAS,GRB
CAK,CVG
STL,XNA
GSP,LGA
AVP,CLE
CAE,FLL
AUS,ABQ
IAH,MTJ
LIT,DTW
MIA,RIC
LAS,RAP
FLL,CMH
SBN,MSP
MSP,FNT
CLE,GSP
DLH,LAS
HSV,MCO
ALB,MSP
MSN,MEM
OKC,EWR
FNT,MSP
PIT,IND
AZA,BIL
MYR,PIT
RAP,AZA
MCO,HSV
IND,PIT
ATL,CID
CMH,FLL
CVG,ANC
LAS,RST
ATY,MSP
MSP,ATY
SAT,MSY
SFO,TUS
EYW,MCO
LAS,DLH
RST,LAS
TUS,SFO
AZA,RAP
HSV,ORD
GJT,LAS
ROC,MSP
ABQ,SMF
ORD,HSV
GSP,CLE
MCI,AUS
MTJ,DFW
ACV,SLC
MSY,SAT
MIA,MDW
LAS,OGG
SFO,BFL
LAS,GJT
CLE,TYS
EWR,MDW
TYS,LGA
CWA,MKE
MDW,MIA
RST,DTW
XNA,LGA
DFW,MTJ
ANC,CVG
SLC,ACV
CLE,MSY
LAS,RDM
IND,JFK
DFW,EVV
SFO,COS
COS,SFO
IAH,MGM
CLE,OKC
TYS,CLE
TUL,EWR
MCO,EYW
IDA,LAS
ABQ,EWR
OGG,LAS
STL,SPI
CID,SFB
CVG,CAK
PBG,SFB
SMF,COS
MSP,SBN
CRW,DCA
STS,LAS
JAX,CLE
EWR,TUL
COS,SMF
MSP,GSO
LAS,IDA
CMH,RDU
FWA,SFB
GSO,CLE
DCA,CRW
RDM,LAS
TYS,MSP
SAT,ABQ
SLC,BFL
CHA,DFW
PHX,MFR
DTW,CHO
CID,ATL
JFK,TUS
SAV,MIA
SFB,FWA
SFB,CID
SAN,MKE
LGA,DSM
HLN,MSP
MGM,IAH
AZO,MSP
CHO,DTW
PWM,CLE
SEA,BTM
MSP,TYS
MKE,CWA
MFR,PHX
DFW,CMI
SAN,OMA
MKE,SAN
GSO,MSP
SFB,PBG
LAS,STS
DSM,LGA
FSD,SFB
GRR,MCO
JFK,BGR
DTW,RST
MSP,HLN
CLE,GSO
TUS,IAD
CLE,JAX
SFB,FSD
MSP,AVL
MCO,GRR
BFL,SLC
DTW,LNK
IAH,BDL
SMF,OGG
DTW,APN
EVV,DFW
APN,DTW
OMA,SAN
MEM,PIB
CVG,SCE
LGA,CHO
TUS,JFK
CMI,DFW
DFW,CHA
CHO,LGA
BIL,PDX
MDW,EWR
PDX,BIL
MIA,SAV
IDA,MSP
BDL,IAH
SAN,MEM
MSN,DCA
IAH,CHA
CHA,IAH
CLE,SAV
OGG,SMF
MEM,RIC
DTW,XNA
SJC,SBA
MDT,BOS
SCE,CVG
PIB,MEM
CLM,BFI
JFK,IND
LNK,DTW
XNA,DTW
YKM,SLC
MEM,SAN
CLE,PWM
DCA,DSM
ROA,LGA
YNG,SFB
SFB,YNG
SBA,SJC
BOS,MDT
CLE,SAN
SAN,CLE
DSM,DCA
OAK,ATL
LGA,ROA
BLI,SFO
SLC,YKM
AVL,MSP
LGA,GRR
LIT,EWR
ROC,FLL
JAC,MSP
BFI,CLM
EWR,LIT
DTW,SGF
EWR,MSN
MSP,IDA
AZA,RFD
SFO,CEC
RFD,AZA
MOD,LAX
ATL,OAK
SFO,BLI
SLC,SBP
SAN,OKC
EWR,LEX
SMF,CLT
PIA,AZA
MCN,ATL
RIC,MEM
DFW,ROC
PNS,FLL
AZA,PIA
DCA,MSN
MSP,JAC
ICT,DTW
SAV,CLE
BLI,SAN
IAD,TUS
OKC,SAN
SYR,DFW
CEC,SFO
DRO,SLC
LAS,FNT
TUL,CLE
DFW,SYR
FLL,PNS
CLT,EYW
CVG,CHO
TLH,MCO
LGA,ALB
GRR,LGA
LAX,MOD
LWS,PUW
LEX,EWR
MGW,IAD
SLC,DRO
SGF,MSP
CHA,FLL
PIT,RIC
SAN,BLI
MKG,MKE
ORD,PNS
SAT,CLE
FNT,LAS
SGU,LAX
LAX,SGU
HNL,SNA
CHO,CVG
ROC,DFW
FLL,ABE
ALB,LGA
DTW,ICT
SBP,SLC
MSP,AZO
MYR,PHL
SNA,HNL
IAH,SJT
SLC,FAI
FLL,ROC
CMH,GSO
AOO,IAD
SFB,PIA
FLL,CHA
ABI,IAH
PIR,ATY
ATY,PIR
SHV,SFB
CPR,MSP
IAH,ABI
SFB,SHV
ATL,MCN
GSO,CMH
ABE,FLL
PNS,ORD
MQT,ORD
SJT,IAH
DTW,SHV
ORD,MQT
JAN,DCA
SGF,DTW
PHL,MYR
BHM,CLE
CLE,SAT
MSN,EWR
MCO,TYS
RDU,SAT
LAS,LNK
CLE,TUL
PIA,SFB
MCI,MHK
MSP,CPR
MCO,TLH
DFW,FNT
MSP,MQT
LIT,MSP
LIT,CLE
LNK,LAS
ATL,BZN
SMF,OKC
EYW,CLT
LEX,LGA
CLE,LIT
SAT,RDU
SEA,IND
MHK,MCI
PFN,CLT
TYS,MCO
MDT,PIT
IAD,BHM
MCI,PIT
TUS,MCI
PIT,MDT
SAN,TUL
SAT,TUS
IND,SAT
MCI,TUS
ISN,DIK
CLT,PFN
CMH,MCI
CLT,SMF
DIK,ISN
TUS,SAT
MSP,LIT
TUL,SAN
TUS,AUS
OGG,SNA
IPL,LAX
BHM,IAD
MCI,CMH
LAX,IPL
SBA,SAN
PVD,PIT
MCI,JAX
CLE,BHM
SAT,SMF
IND,SEA
MSP,SGF
GRB,CLE
GSO,FLL
MKE,MKG
VCT,IAH
MCI,MSN
FNT,DFW
AUS,IND
RIC,PIT
SMF,SAT
EYW,PBI
FLL,GSO
SAN,SBA
ILM,SFB
IAH,VCT
BGR,LGA
ACV,SMF
DCA,CHA
JAX,MCI
OKC,SMF
LGA,BGR
LGA,LEX
CLE,GRB
PIT,PVD
SAT,IND
IND,AUS
LAX,FLG
LAX,DSM
PBI,EYW
SMF,TUL
PBI,MSP
SFB,ILM
OAK,ITO
ACY,PIT
COU,MEM
SHV,DTW
MEM,COU
MSP,PBI
TUL,SMF
DCA,JAN
BZN,ATL
HSV,SFB
IAD,LIT
CLE,CRW
LAS,ROC
SEA,HLN
FAI,SLC
FWA,MSP
SFB,HSV
SNA,OGG
PDX,PDT
CRW,CLE
TPA,MCO
FLG,LAX
CHA,DCA
JAN,ORD
IAD,MGW
ROC,LAS
ODW,BFI
MDT,EWR
IAD,SHD
CKB,IAD
IAD,AOO
LAX,CMH
SGF,STL
SHD,IAD
MSN,MCI
PIT,ACY
ABQ,TUL
ITO,OAK
AUS,TUS
CDC,SLC
BOS,BNA
LCK,MYR
JAX,AUS
ORD,JAN
CMH,LAX
EWR,AVP
SLC,CDC
MOB,ORD
MYR,LCK
SLC,BNA
BOS,CHS
DSM,LAX
ORD,MOB
SMF,ACV
LIT,IAD
ABQ,OKC
STL,SGF
SCK,AZA
AVP,EWR
MYR,CVG
PIT,MCI
MTJ,SLC
RNO,GEG
AZA,SCK
LAS,PBI
ORD,BTR
JST,IAD
SEA,LWS
CHS,BOS
TUS,OMA
GEG,RNO
EWR,PHL
RNO,SNA
SNA,RNO
SGF,CVG
PBI,LAS
CVG,MYR
OKC,ABQ
BTR,ORD
TUL,ABQ
SLC,MTJ
GRB,AZA
MIA,MCI
ITH,EWR
BNA,SLC
AZA,FWA
GPT,ORD
ICT,SFB
GRR,DCA
LGA,FNT
CRW,PHL
FWA,AZA
CVG,BTV
AUS,JAX
MCO,TPA
DFW,BUF
RNO,TUS
CLE,LEX
DCA,GRR
LKE,LKE
PBI,FLL
AZA,GRB
TUS,RNO
OMA,TUS
MQT,MSP
PBG,MYR
SFB,ICT
BZN,IDA
PDT,PDX
SMF,BFL
BDL,CMH
RDM,EUG
BFL,SMF
BNA,BOS
GLH,MEM
IDA,BZN
CVG,SGF
DCA,LEX
CVG,ILM
CMH,BDL
PBI,IAD
MYR,MCO
SHV,ORD
ORD,GPT
MSP,FWA
ABE,EWR
IAD,PBI
EWR,MDT
CHS,CLE
MCO,MYR
HLN,BIL
OMA,MCI
ILM,CVG
EWR,ITH
FOD,MCW
BTV,CVG
ORD,MSO
MYR,PBG
FNT,LGA
ROC,BDL
SOW,PHX
ORD,FCA
RFD,ORD
LEX,DCA
MEM,GLH
PHL,CRW
ATL,FSD
CLE,CHS
MCW,FOD
PBI,TLH
LEX,CLE
TLH,PBI
ACY,CLE
MSO,ORD
BOS,RKD
JAX,MCO
BUF,DFW
COS,CVG
GPT,CMH
BDL,ROC
ORD,SHV
CLE,ACY
RKD,BOS
LAS,ATW
BIL,ORD
FCA,ORD
MCO,PFN
CMH,GPT
ORD,BIL
ORD,OAK
SAV,BOS
GSO,PGD
DBQ,MSP
ATW,LAS
ACY,GSO
GSO,ACY
PHX,SOW
MSP,DBQ
IAD,PKB
BOS,SAV
MEM,COS
DSM,CLE
PRC,LAX
PGD,GSO
IAD,JST
PKB,IAD
ICT,LAX
ALB,FLL
OAK,ORD
MCI,MIA
EUG,RDM
CMH,OAK
LAX,TUL
SAN,CMH
SCE,ATL
FSD,ATL
CMH,SAN
PFN,MCO
MDT,MCO
CVG,BGR
BIL,HLN
CVG,TVC
CLE,TOL
OAK,CMH
COS,MCI
LAX,ICT
BFI,ODW
JLN,MCI
TVC,CVG
CLE,DSM
FLL,MIA
SFO,LMT
CMH,RIC
MCO,GSO
MCI,COS
RUT,BOS
RIC,CMH
IAD,CKB
MCI,JLN
SLC,BLI
CVG,COS
BOS,RUT
MSP,MSP
LAS,BMI
YNG,ACY
RFD,FLL
TUL,LAX
ATL,SCE
PWM,MSP
FLL,FWA
TOL,CLE
FLL,RFD
MCO,MDT
MSP,PWM
DAY,LAS
DCA,SAV
BMI,LAS
GRI,LAS
GSO,MCO
LAS,SBP
CVG,JAN
SMF,SJC
FWA,FLL
BTR,DCA
LAX,PRC
SBP,LAS
ATL,ACY
FLL,PIA
SAN,BFL
COS,MEM
PIT,SYR
FLL,ALB
STL,TBN
CAK,LAS
ACY,YNG
SJC,SMF
EUG,MFR
MIA,FLL
IND,EVV
ACY,ATL
JAN,CVG
BFL,SAN
TOL,ATL
ELP,SLC
LAS,DAY
LMT,SFO
BLI,SLC
CMH,CHA
LAS,GRI
EVV,IND
MFR,EUG
GRB,ATL
BGR,CVG
IDA,SEA
PIA,FLL
MQT,MKE
EWR,JAN
LEX,MCO
BFD,IAD
PBI,MIA
SLC,ELP
ATL,TOL
RDU,BHM
TUS,GEG
GEG,TUS
SAV,DCA
SYR,PIT
FLL,HSV
HSV,FLL
JAN,EWR
LAS,CAK
CHA,CMH
MDT,LGA
MYR,ORD
DCA,XNA
HLN,GTF
ATL,GRB
BHM,RDU
RKS,SLC
MCO,LEX
OAK,SFO
MCO,CAE
MKE,MQT
TBN,STL
LGA,SLC
RDU,ACY
CPR,ORD
BOS,PBG
ESC,DTW
SLC,RKS
BZN,GTF
DCA,BTR
GTF,BZN
PBG,BOS
SLC,LGA
DCA,MYR
LAS,BFL
GFK,LAS
EWN,PHL
LIT,MCO
BDL,BOS
BKW,IAD
SPI,IAD
JHW,IAD
BOS,GSO
XNA,DCA
CLT,ACY
BOS,ALB
ANC,OGG
PDX,BFI
ROC,BUF
MCO,GSP
ORD,MYR
ORD,CPR
GSO,GPT
ACY,CLT
MCI,OMA
BOS,AUG
XNA,MIA
GSO,BOS
MCO,LIT
YUM,IPL
BFI,PDX
ACY,LGA
LAS,GFK
AUG,BOS
SFB,ISO
FCA,ATL
ATL,FCA
MYR,DCA
SBN,IND
IND,SBN
CPR,LAS
GSP,MCO
GPT,GSO
CAE,MCO
BOS,ACY
CID,LGA
AVL,MCO
BUF,ROC
AUS,OKC
MCO,CHS
IPL,YUM
ACY,BOS
MCO,AVL
ACY,RDU
OKC,AUS
ISO,SFB
DTW,ESC
ABE,LGA
ALB,BOS
PHL,EWN
BZN,LAS
LAS,FWA
BIS,AZA
LAS,CPR
EUG,AZA
SAT,OKC
AZA,EUG
BTV,MSP
OKC,SAT
LGA,CID
ATL,MTJ
FAR,SLC
MCI,COU
RIC,DCA
IAD,SPI
BDL,LGA
SAT,AUS
LAS,BZN
IAD,BKW
AZA,BIS
BFL,LAS
CHS,MCO
COU,MCI
IAD,BFD
SLC,GCC
SGF,AZA
MTJ,ATL
OGG,ANC
FWA,LAS
AVP,MCO
MCO,AVP
AZA,SGF
CNM,ABQ
BDL,BUF
SLC,FAR
JMS,MSP
FLG,PRC
ABQ,CNM
TUL,AUS
PRC,PHX
SVC,ABQ
MIA,GNV
BUF,ACY
GSO,RDU
FCA,GTF
ISN,GCC
AZA,RDM
MSP,JMS
ABQ,SVC
PVD,ACY
GTF,AZA
ACY,BUF
MWA,STL
MKE,ESC
DFW,BMI
BZN,BTM
GCC,SLC
AZA,GTF
MCI,HYS
GCC,ISN
LAX,SYR
LAS,FCA
CVN,ABQ
FCA,LAS
ABQ,CVN
GNV,MIA
RDM,AZA
LAS,TYS
PHX,PRC
MCI,LIT
BUF,BDL
MSP,IMT
PIR,HON
TSS,EWR
HYS,MCI
STL,MWA
IMT,ESC
ORD,MTJ
BWI,IAD
HON,PIR
JFK,LGA
MSP,BTV
BMI,DFW
SLN,MCI
PHL,ABQ
MEM,BDL
ACY,PVD
EWR,JFK
EFD,IAH
GBD,MCI
TSS,JFK
HOU,IAH
MCI,GBD
JFK,MCI
SFB,LEX
ESC,IMT
DFW,HOT
AZA,MFR
ACY,ALB
MIA,XNA
RDG,MCO
MCO,RDG
MFR,AZA
HOT,DFW
LIT,MCI
ACY,SYR
UIN,STL
LEX,SFB
ISO,RDU
GTF,FCA
TYS,LAS
CAK,ACY
MHK,SLN
RNO,ICT
ACY,CAK
PRC,FLG
IAD,JHW
ESC,MKE
SYR,ACY
ALB,BUF
DTW,ACY
MTJ,ORD
MKG,FNT
BFI,SAN
BDL,MEM
BZN,DTW
TUL,SAT
SJC,SFO
LGA,MDT
STL,UIN
FNT,MKG
AUS,TUL
FLL,OAK
IMT,MKE
GRB,MQT
ELP,TUS
SAN,PIT
MCI,BRL
SAT,TUL
BRL,MCI
EWR,MTJ
SFB,SFB
AUS,SAT
MCI,SLN
MTJ,EWR
HOT,HRO
ACY,DTW
CEC,ACV
GCK,MCI
TUS,ELP
AHN,CLT
DTW,BZN
BOS,BDL
CPS,RIC
BUF,ALB
RIC,CPS
APF,TPA
HRO,HOT
TYS,ACY
CLT,AHN
HGR,SFB
ATW,SFB
ACY,TYS
KTN,WFB
FAY,ACY
ALB,ACY
FAR,SFB
MCO,JAX
SFB,HGR
ACY,ISO
MCI,GCK
OAK,FLL
MQT,GRB
DRO,DAL
MSY,LCK
PIT,CMH
IAD,DCA
LCK,MSY
ELD,DFW
TPA,APF
YUM,LAS
AZA,ELP
DFW,ELD
LAS,YUM
DTW,CHA
SLN,MHK
JAC,CVG
MHT,BOS
RDU,XNA
ACY,MHT
CMH,MSY
CVG,JAC
DAL,DRO
ELM,SFB
MSY,CMH
SAV,JAX
PBI,MCO
SLC,MKE
SFB,FAR
FMN,PHX
PFN,CVG
GRI,OMA
IAD,OMA
ACY,FAY
OMA,GRI
IAH,IAH
SNA,LAX
ANC,ANC
MCO,SAN
CVG,PFN
SFB,ATW
IMT,MSP
CRW,MYR
MYR,CRW
XNA,RDU
OMA,IAD
PHX,FMN
CVG,CVG
GCK,LBL
DDC,LBL
ACV,CEC
WFB,KTN
MSP,SAV
EWR,TSS
AGS,ACY
SFB,ELM
JRB,EWR
SFO,BZN
LAX,CMI
LAS,LAS
PVD,BOS
RNO,LNK
MCE,LAS
MCI,TBN
SAV,MSP
IAD,BWI
MCO,PBI
ORH,SFB
FMN,SOW
MCO,LNS
ELD,JBR
JFK,EWR
ORH,PGD
LNS,MCO
LGA,SHV
MSP,CHS
MSY,IND
ACY,PHL
JBR,ELD
GRI,MCI
ACY,AGS
GNV,TPA
ACY,RIC
SOW,FMN
CHS,MSP
BTR,MSY
BFI,ELP
CLE,JHW
VIS,MCE
LAS,VIS
GTF,ORD
BRD,JMS
OKC,RIV
MKE,IMT
PDT,ALW
IAD,COS
MSP,MYR
BZN,SFO
PHX,DAL
HSV,LGA
SUX,FSD
SEA,IDA
CHA,DTW
CMH,PIT
OMA,MCO
MSY,HNL
BWI,DCA
ERI,ACY
CLT,MDW
LGA,JFK
SMF,RNO
CID,TPA
LAX,OMA
SEA,PDT
DAY,ACY
ACY,DAY
TVC,LGA
RIV,OKC
RDU,LAX
AHN,ATL
BNA,IND
SLN,DDC
MYR,MSP
JAX,ACY
ACY,JAX
LGA,HSV
DEC,STL
STL,DEC
ORD,GTF
ORD,GJT
PWM,ACY
MCO,OKC
LAX,RDU
MCO,OMA
RDU,ISO
ALB,BDL
ACY,PWM
JRB,JFK
EWR,LGA
PDX,AUS
JAN,LIT
JMS,BRD
RFD,RIV
MDT,LAX
IND,MSY
TBN,MCI
ROC,ACY
LGA,TVC
ACY,ROC
LAS,ACY
MSP,GJT
BDL,ALB
OMA,DSM
SLC,LIT
MCI,GRI
DDC,GCK
ISO,ACY
SAN,MCO
PGD,ORH
GBD,DDC
SFB,ORH
LAX,JAC
ILM,RDU
TOL,PGD
LAX,SNA
HOB,ABQ
LAS,MCE
AGS,LGA
RNO,SAT
OAK,SMF
GRK,RFD
AZO,PGD
PHX,MDT
RFD,FOE
JFK,TSS
CYS,RKS
AUS,RNO
SEA,OKC
TPA,MSN
AZO,SFB
TPA,GNV
GRR,ACY
MCI,HRO
SLC,TYS
AFW,DFW
SAN,IND
MHT,ACY
CAE,ACY
HRO,MCI
ABQ,HOB
LGA,AGS
ACY,CAE
MEM,HOU
MSY,OAK
ABE,PGD
RNO,AUS
PVD,BDL
IRK,STL
DDC,MCI
SFO,SYR
DDC,GBD
OKC,MCO
ACY,LAS
SFB,PIT
ACY,ROA
MDW,CLT
MCO,AGS
HOB,CNM
LAX,MTJ
ROA,ACY
DCA,SHV
CMH,ACY
PGD,TOL
ELP,TPA
ACY,CMH
JHW,CLE
SFO,RFD
IAD,IAD
LAS,HSV
JAC,LAX
IND,TUS
ATL,AHN
RDU,GSP
CHS,CAE
IND,BNA
FLL,PBI
CHS,SAV
SFO,RIC
LAX,LAX
TUL,MCO
JFK,OKC
SLC,HOU
MCE,VIS
SLC,HSV
ACY,GRR
ILM,FAY
RIV,RFD
LIT,SLC
BRL,STL
JAN,BHM
MTJ,LAX
ALB,ART
LAX,GJT
PHX,AMA
CLE,BFD
LAN,HOU
CRW,RFD
CAK,FLL
PIT,ABE
MWH,FBK
RDD,MWH
TUL,OKC
DCA,LIT
CNM,HOB
BFL,MEM
SLC,SBN
SHV,RNO
DDC,SLN
PGD,AZO
TUS,ICT
RFD,CRW
RNO,OKC
PGD,ABE
STL,BRL
RNO,SHV
HOU,LAN
MCO,MSN
PIT,SFB
DAL,CRP
GUP,PHX
MCO,DAL
RIC,RDU
MSN,MCO
PHL,AGS
ABQ,RDD
TOL,ACY
IAD,TUL
AGS,PHL
SEA,SAT
OAK,STL
RFD,TCM
BFF,LBF
HSV,BHM
PDX,ELP
LAX,ALB
BWI,GSO
CRW,ACY
RDU,GSO
CVG,ACY
SLC,LSE
PIT,ELP
GPT,HOU
DFW,DFW
ACY,CRW
FAT,RNO
SLC,CWA
CMH,CMH
MSY,RIC
ACY,GSP
RNO,LBB
EWR,JRB
HYS,GBD
BHM,AUS
RNO,FAT
LGA,EWR
GSP,ACY
ACY,ERI
CMH,GSP
MWH,RDD
LAW,RFD
FBK,MWH
LAX,DAL
LRU,PHX
PIT,GSP
HOU,GPT
ABE,JFK
SFO,OKC
DCA,LFT
CMH,BLI
CLL,OKC
FLL,CAK
BNA,DAL
TYS,BNA
DAL,PHX
ORD,ACY
TUL,ICT
ABQ,RNO
LBL,GCK
PIT,ERI
SFO,FCA
BTV,CLT
SLC,GRK
SLC,GRB
ALB,OGS
OMA,SFO
GBD,HYS
ABQ,CLE
CAE,CHS
PIT,JAX
DAL,COU
ACY,TOL
BGR,MSP
CLT,BTV
AVL,GSO
OMA,LAX
ACY,CHS
MDW,JAX
BFD,CLE
SFB,AZO
RNO,TUL
TPA,ROA
LGA,TUL
DAL,BNA
HOU,MEM
GSP,GPT
OGS,ALB
ABQ,RUI
SYR,BDL
ROA,TPA
MSO,HLN
PHX,BMG
ACY,CVG
LFT,DCA
DSM,OMA
CAE,BTR
FMN,GUP
MSY,LIT
DAL,LAS
SFO,MDT
BOS,CAE
RNO,COS
SLC,RFD
BWI,OMA
AUS,BHM
OAK,EUG
LBL,PUB
SNA,SAT
PIT,BNA
SAN,CRP
RDM,BLI
LBB,AMA
SMF,MEM
LAX,AMA
JAX,GPT
SFB,JAX
PIT,PIT
LGA,COS
NIP,BWI
BTR,CAE
GPT,GSP
LNK,JAX
SNA,COS
DAL,DFW
MCI,DDC
RNO,BHM
GCK,GBD
GCC,RAP
JAX,SFB
HLN,MSO
LAS,GSO
RDU,ILM
LAX,ABI
ODW,CLM
OKC,SEA
DCA,BGR
PHX,GUP
MCO,TUL
DAL,LAX
GPT,DTW
LAX,BZN
JST,PIT
DTW,ABQ
PVD,GRR
ABQ,AZA
BNA,PIT
JFK,ABQ
BWI,CYS
MSO,CHA
SNA,MCI
BNA,AMA
GSP,CAE
SLC,BDL
MSP,SYR
MCO,BTR
FOE,PHX
CMH,ABE
PHL,PHL
STL,ACY
JAX,LBB
VIS,LAS
FCA,SFO
ILM,GPT
GCK,DDC
SLC,RIC
BNA,ABQ
AEX,LRD
ATL,GEG
ICT,RNO
PHL,LIT
SAT,RNO
SFO,ABI
MDW,ORD
ACY,JFK
GPT,JAX
ATL,GJT
OKC,RNO
MCI,DSM
PBI,GPT
DCA,OKC
ART,ALB
SYR,SBN
MIA,TUL
RDD,ABQ
BOS,TUS
ACY,ORD
LIT,AUS
GRR,MKG
BIF,OKC
GPT,PBI
PHX,CRP
BIF,LAW
MSP,PIR
GTF,MSO
MSY,PBI
PHL,OMA
RFD,GPT
BWI,NIP
PGV,ACY
ICT,OKC
DCA,RST
MIA,PNS
FAY,ILM
AZA,RNO
AEX,MIA
RNO,AZA
HNL,RNO
STL,STL
DCA,IAD
DSM,MCI
CAE,MYR
TPA,HSV
SCE,LAX
LAX,BHM
PHL,GPT
PBI,PIT
MEM,DAL
BOS,MHT
ICT,MCI
GBD,GCK
CHS,ACY
MKE,IAD
BOS,GRR
ACY,SFB
SFB,ACY
RNO,IND
FSD,OKC
OKC,LNK
OKC,ICT
BLI,CMH
ORD,SPS
LBF,EAR
LNK,OKC
PIT,PBI
TUL,RNO
LAS,ABE
SAT,AEX
SNA,DSM
PIT,JST
GUP,FMN
TPA,GSP
HLN,CHA
SLC,CRP
CAE,SAT
SAT,COU
CLE,ABQ
MSP,BGR
BWI,OAK
MHK,GBD
MSP,CYS
HOU,TUS
HNL,CLE
JAX,CAE
TCM,RFD
SLC,BHM
BNA,TUL
FLL,FOE
BZN,LAX
SMF,AUS
EWR,SHV
OKC,CLL
DAL,MEM
GSO,BWI
GPT,MYR
SLC,MSN
PHX,BFI
SFO,BDL
PIR,MSP
DTW,GPT
OKC,PIT
JAN,MSY
SEA,ABI
CLT,CLT
TPA,TYS
MIA,AGS
MCI,ELP
SJC,OAK
GJT,MSP
LAX,RIC
COS,OKC
MYR,GPT
BOS,SHV
BGR,DCA
AZA,BFI
SAT,LRD
FOE,RFD
ACY,STL
IAD,BTR
HLN,RAP
ELP,AZA
DCA,AVL
AVL,DCA
ACY,GYY
IND,LIT
OKC,YUM
BOS,AGS
MIA,AUS
PIT,HNL
HNL,PIT
EUG,OAK
SYR,GSP
BOS,OKC
IAH,CSG
BOS,TYS
SBN,LAX
SEA,TYS
JAX,LAX
JMS,ABR
MCI,IRK
DSM,TPA
PUB,LBL
AZA,LAS
ACY,ILM
TPA,OKC
AGS,JAX
BHM,HSV
MKG,GRR
CAE,BNA
MSY,DSM
COS,FAR
SEA,OMA
BHM,TUL
ABE,ICT
SEA,AMA
CLE,CLE
LAX,MDT
OAK,SAT
ELP,MAF
IND,GPT
TUS,STL
OAK,IND
BDL,JAX
MSY,OKC
MCI,JFK
XNA,SGF
MCO,MCO
LBB,RNO
ORD,ORD
STL,JAN
GPT,STL
PIT,ABQ
SJC,OKC
MSY,FWA
MOB,MSY
OAK,SJC
BWI,COS
GYY,LNK
ROA,FLL
TCL,ATL
DLH,RDD
SEA,RST
SAT,BHM
DCA,TUS
MCI,CLL
LNK,OMA
LAS,JAN
BFI,OAK
MSY,CAE
MEM,SLC
PVD,BUF
RDD,DLH
FLL,LFT
ATL,RST
CKB,CKB
AMA,OKC
RDU,TLH
EWR,ICT
JAX,ABE
RUI,ABQ
RNO,GYY
PIT,BUF
ABE,GPT
MCI,BHM
IRK,MCI
BGR,MSY
DAL,OMA
AZA,AZA
HNL,AZA
ICT,OMA
FLL,ROA
BOS,GSP
BOS,TUL
BWI,DAL
GCK,SLN
BFI,PHX
HIK,OAK
BFD,JHW
CGI,STL
FAR,GFK
RUI,HOB
GSO,AVL
MSY,ABQ
PBI,RDU
GBD,MHK
PDX,PIT
SPI,RNO
RDU,ICT
BOS,LFT
MIA,SAT
STL,RNO
ORD,BGR
ACY,PGV
SLC,FSD
BGR,FOE
SJC,AMA
SAN,RFD
ABR,JMS
FWA,MSY
CLT,AFW
SLC,ABI
RNO,STL
SFB,AGS
BUF,PIT
RNO,SPS
MKE,MKE
MCO,FSD
RNO,SPI
SPS,RNO
OMA,ICT
LBB,OKC
HOB,RUI
TYS,ICT
MYR,AVP
OKC,MDT
RNO,GRR
EUG,SLE
TPA,RIC
CHS,GPT
JFK,BHM
GPT,CHS
IAD,MKE
JFK,MEM
RNO,TYS
LAX,LIT
SLC,IND
MEM,IAD
CMH,IND
PHX,SPS
AVL,FLL
CKB,EWR
LAX,MAF
RDU,OKC
RNO,ELP
CHA,MSO
GPT,RFD
RNO,BTR
STL,COS
RNO,AMA
SMF,PIT
RNO,ABQ
LAN,MCO
SFO,BNA
RIC,GSO
SFB,BOS
AGS,SFB
SJC,BHM
RFD,PGD
EYW,JAX
BFM,TUL
STL,MDT
AZA,MEM
PDX,SAT
RNO,JAN
MDW,DAL
LAX,LCK
MHT,GRR
IND,HOU
SAN,LBB
RNO,MEM
BUF,PVD
SMF,LBB
ACY,BWI
BOS,ABQ
SWO,CLL
MSY,ACY
CLE,HOU
IND,CMH
AZA,BRO
DAL,IND
MHT,PVD
CAE,GSP
LCK,LAX
RST,OKC
MYR,PGD
IAH,HOU
RDU,GPT
LGA,LFT
BDL,GSO
GSP,RDU
AMA,SEA
IND,IND
JAX,PBI
IAH,ABE
EWR,SMF
HOU,IND
DCA,CAK
GPT,RDU
SEA,MDT
TUL,LIT
LBF,BFF
ALB,MHT
MHT,CMH
STL,GPT
SLC,SYR
ACY,MSY
MSP,DAL
AFW,CLT
MLU,AEX
OAK,OKC
EWR,COS
MIA,ELP
IAH,SFB
SFB,IAH
SAT,GPT
STL,CGI
MDT,JFK
SLN,GCK
CLE,GPT
RIC,GPT
SEA,GFK
GPT,SAT
GCC,RKS
MSP,ABE
GPT,CLE
RNO,LCH
BFL,RNO
IND,DAL
IAH,EUG
ELP,SJC
SEA,SYR
SMF,BHM
LAX,PBI
AVP,LGA
PHX,CKB
BDL,GSP
GPT,IND
DSM,IND
CMH,JAX
OMA,RNO
BFI,SEA
RDU,RIC
FWA,IND
PHL,GEG
MSP,FOD
ALB,PVD
RNO,BFL
RNO,CRP
IAH,GJT
OKC,COS
CRP,DAL
CLT,LFT
ABQ,BHM
CLE,SHV
AZA,ABQ
EWR,GPT
SCE,MCI
BNA,OKC
TUL,ISO
SYR,ROC
CHA,HLN
DAL,MDW
SNA,SAN
CAK,PIT
SNA,ABQ
AVP,MYR
BWI,ACY
JAC,OKC
ISO,TUL
PBI,CMH
MSO,PDX
OAK,BWI
SFO,GRB
COU,STL
SEA,PIT
MSO,GTF
LAW,BIF
SAN,HSV
LAX,SPS
MSN,COS
PHL,TUS
MSY,SEA
SFO,MSO
LSE,SAN
AZA,SAT
BNA,ACY
ORH,ACY
GPT,EWR
MEM,ABE
OMA,BWI
SAN,LSE
RNO,HSV
BHM,SLC
SFO,MSY
SYR,BUF
RNO,MCI
LAX,CHO
TPA,GSO
CMH,PBI
MSY,COS
LIT,TUL
LAX,LBB
SAN,ICT
DTW,CLL
DTW,FAI
SAN,RST
CVG,RNO
DFW,SFB
SFB,DFW
CLE,COS
ALB,RDU
SAN,MDT
PHL,GRR
MSO,SFO
ABQ,FAT
FLL,AGS
SAN,RDU
GNV,CAE
MSY,BTR
MCI,RNO
TYS,AUS
SAN,ABE
JFK,TYS
LSE,IAD
MSP,CRP
TLH,RDU
ALB,GSO
GYY,ACY
FSD,SLC
CLT,ELP
SAN,RIC
SEA,RFD
PBI,SAV
SAV,ABE
SAT,MIA
STL,ABE
SNA,PNS
SEA,SWO
MHT,ALB
PHX,CAE
GNV,FYV
OKC,TUL
MKC,MDW
PHX,MSN
PHL,LFT
TUS,EUG
SAN,AZA
GNV,GPT
PHX,RFD
SLC,DSM
BDL,PVD
GPT,GNV
CHS,FLL
FLL,BGR
AEX,SEA
CMH,CAE
BHM,CAE
MDT,BWI
SEA,EIL
SMF,STL
AMA,SMF
MKE,SLC
JAX,CHO
IAH,BGR
EUG,TUS
PBI,MSY
ROA,MIA
IND,BUF
JFK,GRB
MSY,GSO
BNA,SHV
CLT,ABQ
JAX,AGS
SLC,ICT
CHS,ABE
MIA,CHS
SEA,MSY
PIA,MDW
YKM,PDX
BWI,GSP
TPA,MDT
BNA,LIT
TUL,SGF
LAS,DAL
SLC,FOE
MGM,BHM
IND,ACY
CMH,CLL
SJC,COS
ROA,BWI
DCA,PNS
PNS,DCA
FAT,ABQ
ACY,IND
JAN,DAL
COS,RFD
JFK,GSO
CAK,DCA
DAL,MSP
PHL,COS
MCI,RIC
CAE,LEX
PHX,RST
ERI,PIT
ATL,FAR
BIL,BZN
CLL,LBB
ACT,LBB
SBN,ICT
PBI,RIC
PIT,MHT
XNA,GNV
CLM,ODW
TPA,DAL
MDW,RFD
ATL,TCL
SAN,EUG
SNA,TYS
TUL,XNA
TUL,IND
JAX,EYW
DFW,GRB
BZN,CHA
SLC,BFF
TYS,GSP
CHS,JAX
ABQ,ABI
CNM,ELP
TPA,CAE
MOB,PNS
MEM,ACY
ACY,MEM
GRK,SVN
EUG,SAN
LIT,XNA
TOL,GRK
JAX,PIT
RFD,COS
LBB,ACT
SAN,ABI
RDU,AGS
MCI,HOU
ISO,MEM
STL,IRK
AEX,MLU
LAX,MSN
IAD,ICT
SAN,BDL
EAR,LBF
TOL,BFM
JFK,JFK
LBB,MCI
GSO,MSY
OMA,IND
PHX,JAN
GSO,TLH
SAT,AGS
AZA,PHX
BUF,TYS
MDT,SAT
CHS,TPA
GRB,BNA
TLH,GSO
CMI,MSP
LAS,GRR
JFK,JRB
SBN,SYR
ACY,MKE
CAE,GNV
MDW,ACY
SLC,LAW
SAN,BUF
SCE,LAN
GNV,BTR
MKE,ACY
PHL,OKC
COS,SPS
PWM,BOS
MDW,ICT
DCA,MGM
BDL,LIT
MEM,RNO
CVG,HOU
OMA,RFD
ACY,BNA
IND,SAN
MGM,DCA
BTR,GNV
DSM,CID
LAX,CRP
GCK,RNO
SAN,MBS
PNS,CSG
PBI,ABE
PIT,TYS
SJC,STL
SJT,RNO
OAK,OMA
SEA,ELP
CSG,ELP
LCH,LBB
MCI,RFD
BOS,ABE
ABQ,ALM
FYV,BHM
MEM,MDT
BUF,MCI
MSY,TLH
TUL,FYV
SYR,GRR
FOE,FLL
DSM,RNO
OKC,ABI
CMI,MSN
ANC,KTN
RNO,DSM
RNO,SJT
TPA,SHV
RNO,GCK
OMA,COS
SAN,MAF
ELP,CNM
STL,PVD
ALB,GRR
SFO,SFO
SWO,ACT
AFW,DAL
MSP,BFI
GSO,ICT
LEX,CAE
OMA,ABE
LAN,LAF
TPA,TUL
SLC,TCM
CHS,ICT
BNA,CAE
BNA,ABE
AEX,MDT
ORD,JNU
MEM,TUS
PBI,CAE
ACY,ORH
PIT,BHM
TYS,GNV
CRP,SAT
SCE,IND
PDX,IND
MIA,MYR
CRP,RNO
MCI,ICT
FLL,MGM
CWA,RNO
JAN,AUS
RNO,CWA
HNL,MEM
AZA,RST
ACT,SWO
OMA,FSD
SFB,FYV
TUL,MDW
RKS,GCC
LFT,MHK
RNO,BNA
RST,DCA
OMA,JAX
BGR,MIA
PHX,ALB
CMH,ICT
SJC,TUS
IAD,HOU
SNA,MAF
OKC,OAK
MSO,BIL
BDL,RIC
PHX,ABE
GNV,LEX
IND,AEX
MHK,DDC
FLL,ABQ
BOS,SAT
PVD,IND
PHL,TUL
AMA,AUS
MHK,LFT
BWI,AGS
ABQ,RDU
PHL,SHV
IAD,TLH
SGF,RNO
SNA,OMA
BHM,ICT
SEA,HSV
RNO,SGF
LAN,CID
PHL,OAJ
IND,OMA
IND,ABE
PIT,CLL
PDX,MSO
PVD,JAX
RFD,RNO
LGA,LGA
RNO,RFD
HSV,BNA
BNA,GNV
RNO,MSP
RIC,CAE
DAY,ABE
TYS,SHV
DAL,RNO
IND,TUL
SFO,ALB
CID,LAN
GRR,LNK
SWO,LBB
SAV,RDU
BDL,ICT
LBB,SWO
BNA,CHA
RNO,DAL
IAD,PUB
RNO,DTW
DAL,JAN
PIT,LNK
MHT,PWM
SFO,BHM
TPA,DSM
TLH,GSP
SEA,FSD
OKC,HUF
PDX,OMA
MHT,BDL
GNV,BNA
SWO,DSM
MLU,RNO
AZA,IAH
BNA,TYS
SLN,STL
MHT,ORH
SEA,BHM
SJC,ABQ
LGA,LIT
ABI,RNO
LEX,AUS
EWR,PIA
RNO,ABI
DTW,HOU
CLT,OAK
SBN,BDL
BWI,TLH
BUF,ABE
GTR,LEX
PIT,SAN
LBL,DDC
IAD,TOL
OMA,ABI
PHL,LNK
IAD,MEM
DFW,BFI
BHM,GPT
DCA,RFD
TOL,IAD
CLE,RNO
SUX,OMA
ORD,MDW
FLL,MSN
FLL,SFB
GPT,CAE
GNV,XNA
ABQ,IND
LAN,SCE
OMA,CLL
SAT,COS
RNO,OMA
LEX,GTR
ORD,BKL
EUG,BLI
PBG,ILM
AMA,TUL
CMH,ABQ
SHV,HOU
PHL,ATW
CAE,GPT
IND,RIC
IAD,ANC
GSP,BWI
TLH,BWI
IND,MDT
COS,ABQ
ABQ,JAX
LGA,OKC
MCO,TUS
LBB,SEA
FCA,MSO
JNU,PDX
MSN,CMI
RNO,CLE
CMH,FWA
PIT,GSO
MSP,BTR
SFO,FSD
POB,BIF
MSP,CMI
BHM,ABQ
MSP,HOU
SFO,AMA
MDT,GPT
APF,EYW
GPT,RIC
AMA,BNA
LAX,JAX
CMH,DAY
ROA,ICT
SAV,CAE
EYW,CSG
PIT,GPT
BDL,CKB
LAX,HSV
JAC,HSV
LFT,MGM
AUS,SWO
BFI,LAX
LAF,CID
TPA,CRP
HOU,PUB
TUS,LBB
RNO,MKE
GRK,COS
LAS,PUB
BUF,ICT
AUS,COU
TYS,CAE
OKC,CLT
MCO,EVV
MKE,RNO
RFD,DFW
RNO,MOB
STL,PUB
DAL,MCO
BWI,AMA
AUS,LEX
MCI,GSP
DAY,HSV
GPT,PIT
BOS,PVD
BHM,LIT
IAH,MSN
LAN,MSN
LAX,LWS
GTR,BNA
MDT,AEX
ALB,GSP
CLE,MKC
LAS,ABI
ATL,AMA
BHM,LFT
LAX,GSO
PIT,MSY
MKE,MDW
PVD,RIC
MHT,ABE
RFD,ANC
CID,LAF
MSY,PIT
IND,SMF
MSP,ACY
JFK,TUL
PVD,TUS
SHR,GCC
EKO,LAS
CLL,MHK
GPT,ILM
RFD,SKF
SNA,FSD
RIC,OKC
SAN,DSM
GPT,MDT
ACY,MSP
LGA,LCH
IND,SCE
BTR,RNO
PHL,ICT
MOT,BIS
CLT,FWA
MCO,SHV
CMH,LIT
PWM,GRR
MEM,ELP
LAS,MSN
TLH,CAE
SFO,PVD
TUS,OKC
ALB,LNK
BIS,SEA
ORD,CYS
OKC,GPT
MDT,AVP
SCE,CMI
BFI,SNA
RNO,CVG
GJT,ABQ
DTW,TUS
IND,ICT
ICT,SAN
RFD,AEX
RAP,FSD
MEM,CLL
DFW,ALB
XNA,AUS
CLT,ATW
FAI,FAI
CAE,TYS
MDW,MKE
SNA,BNA
PIT,MGW
ABQ,LAR
GPT,ICT
RIC,BWI
COU,DSM
RFD,ABQ
MSP,MKC
DSM,CLL
JAN,RNO
CLT,ICT
JAX,CHS
CMH,MDT
EWR,BTR
BTV,GRR
CMH,OKC
BNA,RIC
ABQ,RFD
IAD,SHV
BOS,LIT
RNO,LIT
MAF,SAT
BUF,IND
LIT,RNO
CHO,MIA
ORD,EFD
CMH,LNK
RNO,CMH
PIT,AVP
IAH,SYR
OKC,MHK
LAR,ABQ
FAT,SAT
JAX,CRP
MOT,FAR
PIT,YIP
MSN,LAN
OKC,LBB
BDL,SEA
MCO,GPT
CKB,SYR
CHA,BNA
TPA,SAN
MSP,SPS
SNA,ELP
SEA,BFF
PHL,ABI
TLH,IAD
RNO,MSY
BUF,JAX
YIP,OKC
MSY,RNO
SAT,OMA
PHL,DAL
DAL,CMH
CLT,SHV
LAX,FSD
FAT,OAK
EWR,CKB
ABQ,PIT
PBI,SHV
MEM,FSD
MCI,AFW
SJC,LBB
SBN,GPT
LEX,GNV
HNL,GJT
PIT,GRK
SLC,MEM
MCI,GPT
BWI,TYS
BNA,HSV
MDW,SBN
MSN,SCE
ATL,CRP
EYW,APF
RIC,ABI
OKC,MKE
OAK,AEX
GPT,SBN
ELP,CRP
ELP,RNO
GPT,TOL
BNA,GPT
TOL,GPT
SHV,TYS
ILM,ACY
MAF,OKC
OAK,DAL
LAX,AFW
DFW,TOL
IAH,AGS
LAX,JAN
SCE,MSN
SAT,MDT
GSO,IND
BNA,RNO
AZA,TUS
CMH,MSN
GPT,BNA
PVD,MHT
GPT,PHL
TYS,OKC
LCH,RNO
GPT,TUL
COU,AUS
ICT,PIA
RFD,BIF
MCI,LBB
HOU,LBB
LBB,MAF
MDT,STL
IAH,MHT
OAK,MKC
OKC,MSY
LBB,HOU
AZA,HNL
IND,PVD
LAF,MSP
OGD,SLC
MIA,CAE
LGU,LRU
AUS,MGM
LIT,SHV
TUL,MIA
TPA,SYR
SYR,BWI
SHV,CMI
MSP,LAF
MGW,PIT
MKE,RAP
MIA,SHV
DCA,DCA
BKL,MSP
SNA,FAR
SYR,TPA
RIC,AGS
OKC,BIF
PIT,ICT
CHS,RIC
SEA,PVD
BHM,SAT
SJC,SAT
OKC,IND
CRP,ATL
SNA,ICT
FCA,BIL
RIW,SHR
STL,GSP
DSM,OKC
OAK,BFI
SLC,AMA
EWR,ATW
MSY,PNS
ALM,ABQ
RDU,FAY
GRK,RNO
RDM,RNO
IAH,PIA
RNO,TOL
OKC,MDW
POB,SVN
LBB,AEX
MSN,BMG
MHK,OKC
BMG,MSN
PVD,ABE
MGM,BTR
CMI,SCE
RDU,CHO
OKC,ACT
OMA,LRD
BNA,CSG
JAN,LAS
ACY,BHM
MSP,BHM
PIT,CKB
ORD,LCH
ELP,ABI
CHO,RDU
MSN,CMH
BNA,SJC
LRD,AEX
GSO,BHM
CLL,DSM
DFW,PVD
HOU,SHV
PIT,SBN
PIT,LIT
PHL,FAY
LAS,EKO
SFO,OMA
BWI,ELP
RNO,GRK
STL,RDD
SFB,CAE
BNA,GTR
TYS,TCL
BWI,ROA
TCL,LEX
PIT,DSM
SBN,PIT
SFO,GFK
SLC,GRR
FSM,RDM
SLC,DAL
MHK,LBB
HOB,MAF
BWI,SAV
COU,SWO
ANC,FSD
BHM,ACY
TCL,TYS
STL,RST
MDW,DSM
BNA,MDT
OMA,SAT
MSY,ELP
LBB,LNK
PDX,MSN
DAL,SJC
BFI,SMF
BIF,POB
MAF,HOB
DCA,TUL
DCA,AUS
RNO,DAY
HLN,BZN
LSE,MSN
IND,CAE
LGA,RFD
CHA,SHV
SHV,CHA
MKC,MSP
PUW,EUG
RDD,SLN
LNK,LBB
RDD,AZA
LIT,BNA
AUS,SJT
BTV,SBN
TUL,OMA
BRL,UIN
STL,SLN
SAT,OAK
CLL,SWO
HNL,IAD
ABQ,COS
LAX,BFI
SFO,LSE
COU,SAT
CMI,CID
BMG,CID
OMA,MSN
STL,AMA
LAS,CAE
MSY,SHV
MCI,SGF
COU,TPA
ICT,TUL
BTR,TUP
MAF,ABI
SJC,ELP
RDU,AND
BTR,LFT
LBB,MHK
SAV,IND
MHT,JAX
RIC,ACY
TCM,BGR
RKS,CYS
PWM,RIC
CID,CMI
CSG,TYS
ROC,BNA
EVV,STL
SAT,FSD
LAN,ATL
HUF,ORD
AMA,HOU
ATL,LAN
GSO,RIC
ALB,BTV
SAV,CHS
SAT,HSV
CID,BMG
ACY,MCI
MIA,CHO
PHL,FAR
CID,MSN
BOS,SFB
AND,RDU
FAR,SEA
HOU,IAD
CMH,COS
BOS,RNO
FSD,OMA
TCM,GRK
BNA,BPT
GCC,SHR
LSV,VAD
BOS,ANC
DSM,MHK
SNA,MKE
TUL,BHM
MDT,GSO
SAT,MGM
BHM,PIT
PHX,SWO
LGA,HOU
SCE,CMH
SAT,RIC
BWI,RFD
TUS,SJC
GPT,MGM
BNA,BUF
MIA,ROA
XNA,LIT
IAH,ACY
SHV,OKC
HOU,OMA
ICT,EWR
SMF,PIH
JFK,GSP
LIT,BTR
MSP,CHA
TUS,IND
RIC,JAX
COS,GJT
PIB,DAL
OKC,FOE
OMA,ELP
IAD,LSE
OKC,SHV
SAV,SBN
RDU,CHA
AMA,SAT
FOE,OKC
LAF,SCE
BNA,COS
TUS,TUL
OKC,TUS
ACY,IAH
ABI,AMA
XNA,CAE
SAN,PNS
BTR,AEX
PDX,BHM
HNL,CVG
JAX,GSP
RFD,SHV
LFT,BTR
BOS,BOS
SAT,ABI
ATL,ATL
CVG,HNL
GNV,TYS
PDX,RST
MCO,DSM
JAC,DSM
PHX,GSO
SFO,GSO
LAX,MHT
CID,PIT
OAK,MSY
MCI,SPS
BUF,BUF
AEX,ELP
BOS,CYS
TPA,ABE
SMF,TYS
BTV,MKE
LAX,GFK
GPT,MSY
MDW,COS
SWO,AUS
DSM,MDW
MIA,LBB
CLE,SJC
GPT,LAS
MCI,GSO
SMF,HSV
PHX,HSV
CHO,LAX
GSO,PBI
ANC,FAR
TUL,BFM
MSY,CWA
ORD,BIS
CKB,BDL
SAN,LGA
DCA,BHM
DAY,FWA
PVD,GSP
MSY,GSP
BDL,MHT
CWA,MSY
SHV,SAT
BHM,OKC
STL,CLL
BIL,DTW
BWI,RIC
TYS,RFD
PVD,SAN
CAE,BHM
BTR,TCL
PIT,OKC
GRB,EWR
IND,EFD
IAD,CYS
LAS,SYR
CMH,BKL
FNT,BNA
CAK,GSP
EYW,MGM
XNA,PIT
MDT,DCA
BOS,COS
IND,BGR
DSM,DAL
MIA,DAL
LAX,AGS
GSO,ROA
CAE,BWI
ORD,LFT
RFD,MKE
CHS,AEX
BTR,BHM
SNA,IND
CMH,AUS
GSP,BOS
IND,EUG
LWS,OAK
PVD,RDU
SLC,BFI
SWO,COU
OKC,NZY
SAN,GSO
MSP,HSV
PDX,HSV
PIT,SHV
FWA,SBN
EUG,IND
OKC,SFO
RDM,MFR
LAX,CAE
RIC,RIC
GSO,BNA
EWR,DSM
BUF,MDT
LAX,PVD
LEX,XNA
BNA,CLL
AUS,COS
JFK,MSN
LAS,LSE
LSE,LAS
MHT,PIT
ELP,PIT
TCL,BTR
TOL,MSP
CID,IND
SFB,ACT
SYR,CAK
PIT,ALB
SAN,AGS
SFB,HOU
ACT,SFB
HOU,SFB
MDW,SFB
LGA,BFI
MSY,CMI
BTR,LEX
DSM,MHT
PIT,CID
SFO,GJT
PNS,TYR
SFB,AUS
SFB,MDW
JAX,JAN
AUS,SFB
TTN,MCO
MAF,PHX
MCO,TTN
OAK,LWS
MDW,SUS
MDW,MDT
ISO,FAY
MKE,CLL
BUF,COS
SMF,MOB
FAY,ISO
MKC,BWI
VLD,BWI
ELP,AEX
MHK,DSM
JAX,MHT
SAN,SWO
GEG,IAD
CLT,BTR
BGR,LIT
RIC,IND
CID,COS
MDW,CAK
SMF,AGS
MSN,YIP
RIV,MSN
CLT,GEG
DSM,COU
JFK,CAE
CHS,JFK
TUL,SVN
BWI,VLD
SNA,BWI
CAK,TYS
RFD,TYS
ABQ,PNS
HOU,CVG
COS,MIA
DFW,BGR
SVN,FOE
SFB,MAF
MAF,SFB
PHL,SFB
EUG,PUW
RIC,ALO
CYS,DIK
JNU,FAI
RFD,SAN
BTR,IAD
LWS,LAX
GSP,TLH
MVW,MVW
BFI,SLC
MSO,YKM
AMA,ABI
MCI,BUF
COS,BUF
MDT,SFB
SLC,CYS
LAX,RFD
ALB,ABE
UIN,BRL
SYR,CKB
BNA,GSO
CHO,GSP
IDA,RAP
JFK,GJT
SFO,FLL
MSP,TOL
GTF,ATL
PWM,CAE
JAC,BNA
ELM,IND
ACT,OKC
BIS,MOT
ACT,OMA
ATL,CPR
LNK,PIA
ELP,JAN
LYH,ROA
CPR,SEA
SKF,RFD
DCA,BWI
SEA,GRB
SCE,LAF
RIC,LEX
SFB,MDT
PWM,MDT
XNA,MGM
DAY,PIT
CAE,MCI
PHX,FSD
BTR,TYR
SLC,ALB
BZN,AGS
ACY,MDW
JAN,ELP
BNA,MSN
DAL,OAK
LCK,PHX
CHS,BDL
BIL,MSO
SHV,RFD
BDL,TYS
ANC,MKE
SWO,SAN
OAK,STS
OAK,MSP
SFB,PHL
CRP,CRP
SNA,AGS
GRB,HOU
IAH,ATW
MCI,CAE
LSE,MKE
SUS,BNA
TLH,BHM
JAX,GSO
CKB,PIT
DSM,IAD
DRO,ABQ
LIT,SAT
AUS,XNA
SCE,MYR
MCO,CRP
CLL,MIA
CRP,AUS
SFB,HLN
IAD,LNK
EKO,OAK
FSD,MCO
HLN,SFB
AUS,AMA
LNK,COU
MCI,SJC
CDC,LAS
SHV,BNA
CSG,BNA
MSN,BNA
ALW,PDT
EUG,MDT
LNK,IAD
MCO,BTL
CMH,CID
ILM,OAJ
MYR,SCE
OAK,EKO
BDL,ACT
PIT,HOU
JAC,LNK
SFB,LBB
PIT,SEA
SNA,BFI
FLL,SJC
SAN,BHM
ACT,DSM
MSY,MGM
ROC,PIT
CHA,MSP
COS,SAT
LNK,FSD
BNA,XNA
COU,ACT
LNK,ACT
MDW,BGR
BGR,LAW
AZA,OAK
LBB,SFB
BTR,GTR
MSY,SJC
OMA,BNA
RST,SAN
DLH,STL
IAD,DSM
GSO,GSO
SAN,PVD
XNA,SHV
GTR,BTR
DAL,PIB
SJC,MSY
MHT,MYR
ABQ,CLL
IND,ELM
MDT,EUG
CLE,TUS
COU,LNK
MAF,LBB
MEM,SFB
BWI,CAE
ACT,BDL
ANC,RFD
ROC,ABE
MSY,GRB
BHM,GSP
AVP,MHT
SUX,SUX
IAD,SUX
SUX,IAD
CVG,GJT
GRK,AUS
FLL,DAY
STL,DLH
MIA,MLU
CLT,AMA
STL,CAE
LAX,LGA
PDX,PDX
BIF,RFD
SMF,BWI
RDU,GRB
PVD,STL
ORH,PVD
COS,SBN
ANC,TWF
DAY,CHA
GRB,MSY
AMA,SFO
GRR,MIA
CMH,DAL
SFO,BUF
BOS,HOU
IAD,BFI
PDX,BPT
FYV,CAE
SAN,TYS
ABQ,BNA
RNO,SMF
LEX,BTR
MSY,SFO
GRB,DFW
SFB,MEM
CVG,GEG
MIA,GEG
JAX,CMH
FLL,SAV
LBB,BNA
GTF,CVG
TUS,SHV
MIA,GRR
FLL,OKC
CHS,MIA
SYR,ALB
SAV,AGS
SFO,HOU
SAN,MSN
HIK,HIK
MSN,SAN
FOD,MSP
SJC,FLL
MLU,MIA
TLH,DFW
SEA,DYS
AMA,ATL
SJC,AGS
BKL,MDW
SWO,IAH
MCO,ISO
SJC,BFI
EIL,SEA
BUF,SJC
AUS,LIT
GPT,SGF
MGM,XNA
CAK,IND
PBI,JAX
TPA,COS
CAK,GRK
BNA,LBB
ISO,MCO
BOS,MBS
MSP,ESC
PGD,RFD
DCA,ABE
MSO,FCA
PBI,CHS
TYS,MGM
FAT,SMF
CLL,ABQ
SJC,DAL
SWO,SEA
TPA,LFT
ANC,RST
IND,DSM
MSP,GSP
RIC,GSP
TYS,CHA
MDW,MKC
PDX,MSY
BOS,LCH
TPA,GJT
BTR,CLL
DSM,ACT
LWS,EUG
ATL,TUP
ISO,IAH
LAF,LAN
EUG,LWS
OKC,JFK
HIK,NKX
PIA,STL
RIC,SHV
PHX,SBN
ICT,SGF
BFL,SBP
GRR,DLH
LWS,TUS
LAN,LNK
SEA,ABE
EWR,LFT
BLI,BLI
BKL,CVG
JAX,FWA
PDX,MDT
CAK,IAD
RDU,LIT
GJT,LAX
SFB,TLH
SCE,CID
FSD,LCH
CID,SCE
CLT,COS
FWA,MIA
MSY,TUL
AZA,DAL
DCA,SLN
DSM,FOE
MBS,LNK
SNA,MEM
AGS,MEM
DCA,MBS
TUS,LWS
JAX,RIC
BFI,SJC
NKX,ANC
COS,BWI
BOS,SNA
AZA,STL
SLN,DCA
MBS,DCA
JFK,LIT
LCH,FSD
GRB,SFO
DAL,CLL
TUL,COS
IAD,FAR
PHX,FAR
MCO,FAR
SMF,DLH
BOS,FOE
BHM,JAN
PIB,ISO
SEA,MAF
FOE,AZA
PIT,PDX
CYS,RIW
EFD,BWI
SAN,SAN
RDU,DSM
MIA,FWA
BWI,SBN
FAR,IAD
SGF,MCI
LAN,FSD
SLC,GRI
LIT,IND
SBN,SFO
GRB,TVC
MIA,PBI
MSN,FAR
ELP,MIA
SLC,DLH
PIT,PIA
SJC,BUF
HOU,HOU
RNO,LAN
CID,LNK
FAT,MSN
MYR,AMA
GRR,RST
SLC,EAU
MSY,FSM
GPT,HSV
FSD,ABQ
CVG,BTR
ICT,CHA
ISO,PIB
SHV,MCI
ISO,MSY
GTR,XNA
PNS,MIA
TYS,TYR
ANC,AUS
DTW,FOE
MEM,AGS
BKL,ORD
AUS,GRK
IAH,ISO
MSY,ISO
ATW,LNK
AZA,LNK
DSM,RDU
ISO,ICT
CWA,ICT
SFB,AMA
GRB,ATW
BOS,BIL
HOU,CMH
MYR,RIC
EUG,SJC
XNA,LEX
DSM,DSM
PNS,MGM
DSM,PIT
BDL,SBN
STL,ILG
JFK,ILM
SLC,GFK
AEX,OKC
SJC,CRP
GSP,CHO
GEG,BOS
TUS,DLH
CLL,FOE
XNA,TUP
MCO,ELP
MHK,IAH
SJT,LBB
SLC,MAF
JAN,PHX
CID,AMA
BNA,ATW
LEX,RIC
BFI,GRB
SMF,RST
SJC,HSV
MCI,SHV
BFI,SBN
IAD,CHA
MSN,GFK
FLL,CID
CAE,XNA
XNA,COS
SAN,FAR
SNA,DAL
SUS,DTW
IND,MSN
FAR,BIS
FAT,SJC
STL,SJC
SBN,BWI
CYS,LAS
GFK,CDC
LGA,CKB
FOE,DSM
GSO,GSP
AZA,SUX
FYV,TCL
DSM,CHA
BZN,MCI
OMA,LIT
TYS,LIT
TCL,FYV
MIA,BWG
FTW,SFO
ABQ,SPS
BIS,SLC
FOE,CLL
IND,COS
BDL,TUL
MSN,FAT
IND,TCM
FLL,TOL
TUS,TOL
TOL,TUS
BWI,EFD
SEA,JAN
LCK,MSN
BUF,OAK
GRB,BFI
MCO,GEG
MDT,ICT
FAT,ICT
SLN,ICT
JHW,BFD
CVG,CYS
BWI,GRB
RFD,MHK
TYS,FSM
LIT,FWA
PBI,GSP
RNO,PIT
OAK,PVD
SAN,SBN
CLL,IAD
AMA,MCI
SBN,PHL
CID,FLL
TOL,FLL
MCO,COS
RIC,TPA
OMA,AUS
MGM,DFW
TUP,ATL
DFW,CSG
MSN,LCK
CMH,AVP
JFK,LSE
PBI,LFT
COU,MHK
RNO,MDT
ORD,SUX
LAX,SBN
MDT,SBN
BIL,GTF
SMF,CRP
IAD,CLL
GRB,TPA
OMA,TUL
EWR,EUG
FLL,MLU
GRR,MDW
DCA,MDW
ABQ,MEM
DCA,GEG
BTR,ICT
LCK,CYS
LGA,BDL
OMA,JFK
HOU,LGA
CHA,RIC
PIA,RFD
MEM,SYR
MIA,LSE
CLE,LFT
DFW,RST
RNO,CHS
JFK,MHT
TPA,MGM
CVG,SHV
SJC,SBN
LIT,CHA
SHV,FSD
ANC,IND
CHS,MYR
SAN,RDM
ORD,PVU
LEX,TPA
SFO,TUL
ROC,ALB
SJC,FTW
MCI,ABI
BDL,AGS
OAK,BUF
CHO,ORD
HOU,DTW
RDU,EFD
BHM,ISO
LAS,LAN
TPA,OAK
DTW,AMA
JAN,AMA
LAS,CYS
LAN,LCK
SNA,RFD
TPA,GRB
JAX,LFT
SYR,MKE
AUS,PNS
DTW,SUS
JAN,STL
ROA,GSO
BUF,GSP
SBN,HSV
DFW,MGM
FSD,SHV
BWI,CHA
PHX,CID
LEX,FYV
LRD,OKC
HOU,SLC
BWG,MIA
MCO,PIA
EFD,ORD
LAF,DTW
MAF,ELP
EWR,ELP
CMI,LAN
SJC,MAF
MHT,MBS
SAN,AMA
ROC,CAE
LAN,CMI
IND,GRB
BNA,GRB
MSY,TYS
POB,NKX
BFI,STL
DAY,BHM
ISO,BHM
JAX,SHV
SFO,TWF
SHD,MSP
SHV,MSY
SGF,TLH
TUL,SFO
EWR,SPS
SAN,SPS
LAN,FLL
DAL,FLL
SLC,MOT
PDX,TUL
PWM,ALB
LEX,AHN
PDX,ABI
IAH,BUF
CLL,MEM
SBN,BFI
BDL,CAE
BTV,BDL
OKC,PDX
SMF,RFD
TYS,AVL
BHM,GSO
MSY,HSV
IAH,PVD
ELP,SMF
LGA,CHA
BTR,LIT
PNS,LIT
JAX,SAT
FOE,SAT
BWI,BFF
JFK,TLH
SLC,XNA
FAT,OKC
PHL,SPS
DTW,GJT
BWG,FLL
JAN,TUL
IAD,EUG
HOU,MOB
GTR,MLU
OKC,PIA
BUF,TUS
LAS,ROW
MCO,AMA
MLU,GTR
ORD,LCK
PDX,LGA
GFK,PDX
PDX,RIC
ISN,SHR
MDW,SHV
ROW,ABQ
GJT,BTR
GRR,CHA
ACY,CHA
LIT,LAX
LGA,SAT
LAX,SGF
EYW,TLH
CHA,ACY
GRR,RNO
BUF,TUL
SLC,MLU
LCK,ORD
FOE,DTW
ROW,ELP
LCK,LAN
SLC,LBB
GRR,OAK
LNK,ROA
MWH,SEA
MCO,ABR
MCI,GGG
COS,PDX
NQA,CLT
TOL,CLT
ROW,LAS
GGG,BNA
DFW,PIH
SEA,PIH
SAN,PIH
LBB,SNA
HOU,HSV
DFW,MWH
ELP,SHV
RDU,SBN
RDU,ABQ
VLD,LIT
MWA,FSD
SHV,XNA
TUL,CLL
SNA,GYY
AUS,ACT
LSE,MIA
TUP,OCF
ROA,OMA
GSO,TUL
MSO,AUS
OKC,BOS
MIA,PIA
GNV,TUP
DFW,AGS
GYY,ORD
SHV,ELP
TYS,LAR
PDX,LBB
OKC,MAF
ABR,MCO
BZN,BIL
CKB,CSG
CHS,CMH
SMF,CMH
HSV,RIC
PVD,SJC
DAL,BWI
JFK,MKE
SAV,GSO
LAX,SUX
ICT,IAD
BHM,BTR
SUX,LAX
BRO,SAT
OAK,GRR
MSN,IND
PDX,OKC
PBI,CRP
DAY,CLL
MEM,PBI
JFK,COS
LIT,TPA
CAE,TPA
OAK,TPA
MHT,TUL
LIT,TYR
PBI,AUS
PIT,DLH
EWR,EWR
MDW,SLN
CMI,LCK
DAY,RIC
LCK,CMI
SAT,PNS
ABE,GSO
BTR,MGM
LIT,ABQ
BUF,ABQ
BOS,GNV
SLN,SAT
FSM,XNA
SJC,IND
GRB,JAX
FLL,BWG
PUB,OKC
PIT,SPS
DSM,SLC
RDU,COS
GSO,ACT
FAT,AUS
MHK,DAL
PHL,PUB
GSO,TUP
ICT,ABI
ELP,BUF
IDA,JAC
FLL,LAN
SLC,LNK
PDX,AMA
IND,BPT
JAC,CYS
AEX,CSG
TUL,CMH
IAD,GPT
PHX,LWS
PHL,GGG
MSO,SHD
LIT,VLD
RIC,LFT
LGA,LAS
SFB,MKE
BIL,PIH
CMH,AEX
FLL,BHM
ACT,GSO
MIA,HSV
TUS,HSV
JAX,SMF
BWI,SHV
MWA,GFK
XNA,MCI
DSM,LIT
FSD,HUF
MSY,CRP
MGM,SLC
MLU,FLL
SJC,TUL
CHS,TYR
ALO,BGR
GFK,MWA
HOU,EWR
MEM,PIA
FYV,TUP
PHX,ABI
FWA,LAN
ORD,LBB
AMA,PHX
STL,BFI
GSO,CAE
PVD,CMH
BFI,HNL
ORD,GGG
MKE,SYR
LKE,PWT
DTW,LAF
GSP,HSV
CSG,PIT
BMI,CHA
SCE,MSP
GSB,PAM
TUP,FYV
SNA,CLL
BHM,FLL
SBN,COS
IAD,ACT
FOE,TPA
IAD,DAL
ELM,ITH
BIL,YKM
DFW,YKM
ATL,ABI
CVG,BZN
TUL,OAK
PNS,RDU
HOU,ICT
RFD,ICT
PNS,BPT
GSO,BPT
MSY,CYS
BDL,SYR
PDX,BWI
DAL,MHK
BUF,SAN
DAL,DSM
ABQ,HSV
BLI,SMF
MLU,SHV
SJC,SHV
PDX,SBN
STL,SBN
GPT,IAD
CLL,BTR
TYS,BTR
DSM,TLH
GRR,IND
MSP,SCE
DSM,GJT
HOU,PBI
GRB,RNO
CAE,DOV
MIA,MCN
SNA,BOS
ORD,AFW
LNK,HLN
TUL,ELP
ELP,ISO
CHA,LNK
SEA,LBB
BUF,RDU
PDX,ICT
LEX,ICT
SEA,ATW
LGA,CYS
DOV,CAE
TYS,GTR
MHT,RIC
IND,RFD
SHV,SJC
MIE,BWI
DOV,CLT
RNO,GRB
GTR,TYS
LGA,RST
MSY,AEX
SFB,BHM
LEX,BHM
ROC,DSM
TUP,GSO
MKE,GSO
STL,SMF
MDW,BTR
GTF,CHA
CHA,GTF
HOU,MCI
YKM,LAX
HUF,FSD
LAX,GRR
EFD,IND
TPA,SPS
XNA,TUL
SEA,PIA
SAN,PUB
TPA,FOE
PBI,AGS
ICT,HOU
TPA,JAN
SBN,LNK
SFO,MSN
CSG,MEM
MSP,AZA
POB,PHX
CKB,PHX
SFO,ICT
CAE,RIC
ABE,AVP
PVD,SYR
CKB,CLT
PVU,SAN
CLT,CKB
PWM,SBN
XNA,TCL
ROA,TLH
TCL,XNA
GRB,IND
LIT,OKC
SEA,SPS
MGM,FLL
SBA,COS
COS,RNO
FWA,RNO
MSP,CAK
SEA,PVU
ABQ,PIA
MSY,AGS
STL,ELP
ARA,ELP
BUF,ELP
ACT,PUW
TLH,ROA
GRB,SEA
MDW,BFI
PVU,SEA
MDW,CYS
AMA,CYS
MSY,CSG
MEM,CSG
MCI,BDL
BTV,ABE
AGS,BKL
JAX,GRB
LAR,TYS
LAN,LAS
MSN,LAS
FLL,CHS
RNO,FWA
PVD,MDT
IND,HSV
ANC,SMF
CLT,SBN
AGS,MSY
ALB,IND
BMG,SCE
SLC,SPS
OMA,SPS
EFD,FLL
PIA,RNO
GPT,DAY
FSD,MWA
BOS,ABI
SFB,ORD
PVU,LAR
SBN,RDU
GRI,AMA
PHX,ATW
HLN,BIS
SEA,CYS
DAY,GPT
STL,PDX
DAL,PDX
SEA,RIC
OKC,RIC
DFW,RFD
MUO,RFD
BUF,SYR
BGR,ALO
MFD,CLT
YIP,LAF
RFD,NKX
PGV,CKB
GSO,SHV
FLL,SBN
RNO,SBN
DAL,IAD
MSO,ABQ
PVD,MCI
GGG,MCI
LIT,MSY
AMA,GRI
MHR,IND
SAN,LCH
DFW,ACY
LFT,FLL
AZA,COS
MWA,FAR
EUG,LGU
GRI,AUS
JAX,DAY
LGU,EUG
FAR,MWA
RNO,PIA
SLC,RDD
PIT,CAE
CID,CMH
ROA,RIC
CRW,AVL
IND,TYS
SJC,TYS
JAC,STL
BTR,CHS
TLH,DSM
CKB,PGV
ELP,MGM
MOB,BTR
CHS,BTR
SCE,BMG
SAN,GFK
DSM,SGF
IND,CID
ELP,OKC
SMF,SPS
LGA,SPS
RFD,HIF
RDU,OMA
RDU,TUL
RIC,AUS
DSM,BOS
BUF,DAY
BWI,MIE
SNA,TUS
DAY,BUF
STL,DBQ
ISO,ELP
LAS,LBL
MKL,MEM
FLL,SEA
TPA,SEA
CAE,ICT
MOB,AMA
PWM,BDL
ALO,RIC
MKE,RFD
PUW,SJC
GSP,SYR
OKC,BHM
CPR,RAP
SJC,MCI
PBI,LIT
GSP,MSY
MKE,MSY
AUS,GRI
SJC,GRR
SMF,GJT
DAY,COS
OGG,RNO
LNK,RNO
BDL,OMA
LAR,PVU
PBI,TUL
BNA,AHN
MKE,AUS
SHV,AUS
LGA,AUS
LGA,DLH
FAT,TOL
EFD,DTW
PIB,ELP
FLL,EFD
AEX,GRK
SAN,LAR
BUF,LNK
SMF,MFR
TUL,SFB
MHT,RDU
MSO,GEG
OGG,GEG
MCO,ATW
CSG,GTR
LAS,LGA
MSY,PDX
SNA,ABE
MKE,ANC
SNA,CLE
BZN,MHK
SFO,ROC
AEX,MGM
AUS,SHV
EWR,CHA
DFW,FSD
JAX,MYR
GPT,OKC
SBA,SBP
MSP,RNO
GEG,CPR
FLL,DAL
BOS,DAL
TOL,FAT
BUF,LRD
SNA,ABI
MHK,BZN
MIA,BUF
JAX,BUF
BNA,ELP
MDW,IAH
MFR,GRK
GRK,MFR
MHT,ICT
LAF,LCK
AUS,MSO
OAJ,EWN
PHX,RIC
RAP,RFD
CMH,CMI
MGM,LFT
LAR,LAS
SJC,MKE
FLL,SAN
PHL,HSV
PIA,HSV
ELP,ARA
ABE,PIT
BNA,RAP
ICT,SHV
CMH,SHV
DAY,SBN
ORD,BMG
CAE,MSY
SAN,FLL
SEA,FLL
ACT,RNO
RNO,ACT
BMG,BOS
LAR,DFW
BTR,DAL
MDT,LRD
SEA,PUB
CMH,TOL
FFO,GRK
BNA,LAN
SJC,LNK
ROA,MSN
MIA,MSN
RAP,SEA
SHV,ICT
PNS,AMA
IND,ATW
LAS,PRC
PIT,SJC
MKE,ABE
YIP,CMI
MIA,TYS
CLT,RST
SFB,CRW
FAT,LRU
JAN,SAT
SAN,GRR
BDL,OKC
LNK,SFO
GYY,RNO
BHM,RNO
RFD,CAK
MKE,MIA
SEA,TPA
SFB,TUL
ELP,TUL
BNA,MLU
OAK,EWR
COS,PIA
AUS,TUP
MHT,BUF
CMI,YIP
DCA,HOU
LAX,EFD
DTW,EFD
LAS,LAR
PHX,PUW
IND,ROW
LGA,MBS
JAX,ICT
MSP,GGG
PDX,RFD
CAK,RFD
LYH,ABE
LCK,LAF
OKC,BNA
MLU,BNA
BWI,DSM
JAX,DSM
ELP,DSM
MCI,PVD
SPS,ABQ
MCI,CHA
MAF,LAX
LFT,MSY
CLT,FSD
PGD,MYR
CLE,SPS
STL,SPS
GPT,CRP
LAS,LGU
MDT,DLH
CVG,FAT
HOU,FAT
FLL,TUS
DSM,ABI
MDH,ORD
RIV,BIF
SFO,LBB
ELP,OAK
RDU,AMA
SNA,CYS
PDX,CYS
PVD,CAE
TUL,GPT
SFB,CLE
PWM,TYS
FLG,LAS
LGU,LAS
ABE,LYH
RAP,MKE
CLE,RST
SAV,BHM
ORD,MDH
DLH,MDT
AEX,BTR
STL,MKC
SFO,LIT
BOS,BFF
MDT,OKC
JAX,SFO
SYR,SCE
LCK,SCE
JAX,CLL
AUS,CLL
FOE,RNO
PUW,ACT
MHT,MIA
SAN,PVU
TYS,TPA
SAN,TPA
LAX,YKM
MOB,JAN
YIP,MSN
PUW,PHX
GTR,CSG
SFO,CMH
CRP,GPT
SFB,BDL
RAP,PDX
BNA,PDX
NIP,RFD
RDU,AVL
RNO,BWI
JAX,AEX
BNA,DSM
GPT,FWA
MDT,GSP
AUS,GSP
LNK,LRU
SAT,LIT
ABQ,MSY
SEA,GRR
FSM,OKC
FLL,CRP
SAT,CRP
XNA,SLC
BDL,CHO
BWI,RNO
LRU,RNO
RNO,MLU
TUL,PIA
RNO,FOE
SAN,YKM
OMA,JAN
PBI,MBS
CMI,CMH
FWA,GPT
DCA,RIC
TOL,RFD
PAM,RFD
SCE,SYR
BZN,FLG
LAN,BNA
EWR,RST
MSY,SAN
GJT,SNA
DAY,DSM
BMI,FSM
MEM,PGV
FSM,BMI
MDT,MSY
SAN,MSY
SMF,GRR
OMA,ACY
CLT,OKC
PIT,SCE
BNA,PBI
IND,GYY
MDW,TUL
RDU,ALB
SEA,DAL
PHX,DLH
BKL,EWR
PDX,BZN
MIA,HOU
CLL,LNK
RFD,LNK
SEA,MSN
BHM,SFB
EFD,PHX
DAL,SEA
IAH,GEG
GTF,BIL
DTW,CYS
LAN,GPT
BZN,PDX
CLE,RFD
FLL,AVL
MSO,FLG
LSE,EAU
MLU,GLH
MSY,MDT
SAT,SHV
SGF,SHV
TUL,SHV
MYR,ILM
ILM,MSY
SHV,SGF
SJC,CID
GEG,GRR
SFO,CRP
LNK,CLL
BIL,COS
CDC,COS
ACY,OMA
SHV,TUL
MDW,DAY
BNA,PIA
SNA,PUB
TUL,PUB
RFD,DMA
SMF,BZN
PHX,BZN
STL,BUF
GPT,LAN
PHX,LBB
SJC,MEM
BDL,SFB
CLE,SFB
TPA,PAH
GPT,ROA
BUF,SEA
GYY,ICT
TUS,CMH
RNO,HNL
SYR,PDX
OAK,CLT
BUF,BNA
BUF,STL
COS,CDC
BGR,MHT
BZN,SMF
FSD,YNG
DCA,ABQ
ELP,PIB
ELP,MSY
MOB,RNO
LAR,FAR
COS,AUS
EFD,AUS
LGU,FAT
STL,TUS
SNA,YKM
MHT,OAK
ORD,BPT
FYV,GTR
ROA,GPT
LGU,SJC
CDC,ALO
AHN,LEX
ALO,CDC
CHA,HSV
RNO,LRU
MSY,SWO
MIA,BTR
RDU,BTR
AHN,GNV
LGA,MKC
SBN,MSY
ALO,MSY
GTR,FYV
TCM,POB
AEX,POB
GYY,GRR
DAY,OKC
OAK,SPS
LBB,CLL
SPS,COS
GPT,CAK
SJC,FAR
IAH,FAR
BOS,FNT
SJC,LGU
FAT,LGU
PBI,ALB
BNA,AFW
SEA,BUF
MCO,GRK
FAR,LAR
ACY,MSN
ABI,MCO
GFK,SEA
BOS,BPT
SGF,GPT
ICT,GPT
IND,GGG
SHR,RIW
MCO,RFD
CAK,SYR
MHT,BTV
ACY,FWA
MDW,GSO
MEM,SMF
MSY,SBN
BMI,YNG
FSD,BMI
EWR,BRO
OKC,LIT
EUG,LIT
GGG,MSP
YNG,FSD
BMI,FSD
FWA,ACY
BRO,CRP
PUW,RNO
LGU,RNO
DTW,FAR
RNO,LGU
BNA,OMA
BTR,TPA
GNV,AHN
STL,HLN
SGF,HLN
YNG,MWA
MCO,ABI
AEX,BIF
DCA,ELP
RNO,PUW
LWS,GEG
MIA,CSG
ABQ,RIC
CVG,BKL
MIA,LFT
OAK,MKE
LGA,PNS
HLN,STL
ROA,CRW
BUF,MHT
TLH,MGM
HOU,PIT
MWA,YNG
OKC,BMI
TUL,MSY
LGA,ACY
GPT,DAL
EYW,DHN
BHM,PIA
RDU,GEG
MOB,CSG
DAL,GPT
CAK,GPT
BHM,RIC
MSY,ALO
LIT,AVL
FAR,BNA
MSN,DSM
PNS,FWA
GRK,PIT
RNO,IAD
SMF,GFK
MTJ,MCI
FWA,GRR
OKC,JAX
ABQ,CRP
BNA,FAR
BFI,DFW
RIC,DAY
SFB,ELP
OMA,OAK
ELP,SFB
BWG,PHX
OKC,RDU
JFK,ICT
MYR,ICT
GFK,BIS
CLE,MTJ
DSM,RFD
CID,MKE
LSV,BAD
DAY,SHV
CDC,GFK
ORD,IDA
CAE,TLH
JAX,TLH
MEM,CID
IND,GRR
BHM,LCH
ELP,SFO
ALO,FAR
BDL,DAY
MLU,FAT
RNO,AGS
STL,LBB
CLT,NQA
SJC,PUW
AGS,ICT
ICT,AMA
AGS,CAE
CAE,GTR
TYS,GPT
CLT,LWS
CDC,MSO
AUS,RIC
AEX,RFD
GPT,TYS
COS,SNA
MHT,STL
MSO,CDC
PIH,GFK
MDT,MCI
DAY,LIT
GPT,LIT
SWO,MSY
SMF,FSD
HLN,SGF
PHL,LCH
NZY,COS
YNG,FAR
BMI,FAR
CLT,OMA
IAH,DLH
SJC,PUB
IND,LBB
RNO,MAF
GPT,MCO
TUS,PUW
SLC,PUW
SAN,PUW
FAR,ALO
AUS,ABE
ACT,LAS
ATL,MHK
BIS,RAP
ACY,SBN
LAF,IAD
MSY,ILM
LGA,BTR
PDX,FSD
MDT,IND
SGF,FAR
SHV,MCO
LGA,PHX
MSY,BPT
MDT,CSG
JAN,LGA
COS,NKX
PNS,AEX
IND,FWA
TOL,FWA
AUS,GSO
SYR,PVD
CAE,SBN
TLH,ILG
JAN,BTR
FAR,BMI
OKC,GTF
MKE,SAT
ILG,TLH
GRK,POB
CHA,RNO
MLU,LGU
OKC,MIA
PUW,FAT
LGU,MLU
DCA,PIA
PUW,TUS
LBB,ABI
ABI,ELP
RDU,LAN
FAT,PUW
PWT,LKE
BUF,CMH
EWN,FLO
CHA,GPT
AGS,GPT
MYR,BWI
BOS,BKL
MUO,LSV
CMH,BHM
RIC,MHT
JFK,SHV
ACT,IAD
FAR,YNG
RNO,CHA
PNS,MSY
BWI,MYR
OAJ,PHL
BTR,ACT
BDL,FAR
PHX,LGU
BOS,DLH
FAT,MLU
STJ,ABI
GPT,AGS
SJC,MSN
SHV,PUW
FAR,BDL
GRB,CLT
MCI,TYS
IAD,LAF
LAX,LEX
GFK,PIH
RIC,CHS
PWM,MHT
GEG,PIT
GFK,SMF
LAN,IAD
RIC,CHA
ABI,MCI
CAK,MSP
FAR,SGF
FWA,POB
LIT,EUG
ADQ,ADQ
IAH,PUB
MSP,ABI
SFO,ELP
PIT,JAN
LAS,SFB
GEG,RDU
CMI,LFT
SAT,CDC
JFK,EAU
PGV,GSO
AVP,MDT
STL,MGM
JAN,PIT
CMI,SHV
ABE,CHA
SFB,SAT
MSY,FSD
BNA,FYV
RFD,NIP
LAS,ACT
ABQ,OMA
BNA,ALB
GRK,TCM
PIT,ABI
MDT,ELP
STL,EFD
GEG,LBB
LBB,GEG
BIL,CYS
CSG,CLE
BWI,RST
BOS,CHA
AVL,MSY
ELP,SPS
DTW,SPS
PUW,SLC
IND,RNO
SJC,OMA
GPT,AUS
SLC,PUB
FSD,BZN
RIC,MDW
AUS,GPT
JAN,GPT
CHO,BDL
TUL,RIC
LWS,CLT
OKC,LSV
TUS,PNS
TPA,AEX
GNV,BHM
MDW,LUK
MHT,IND
PAM,OKC
BGR,FLL
RDU,PBI
GEG,YKM
JAX,ABI
LAF,YIP
DAL,OGG
LBB,PHX
FBK,RDD
MSN,ROA
CMI,ANB
TYS,AEX
AMA,BHM
PVD,CKB
CLE,EVV
GSP,FWA
FWA,GSP
MEM,SBN
CHS,SBN
ABQ,BFL
RDU,BMG
BZN,FSD
PIT,XNA
EWR,GJT
LIT,MIA
PIT,DAY
RDM,DLH
OMA,HOU
SAT,SFB
AZA,RDD
GTF,BFI
BOS,ICT
FSD,CYS
RDU,GGG
SMF,MSO
RIC,RFD
BFI,BKL
BTR,TYS
RNO,EVV
MSO,SMF
TPA,BTR
GFK,BTR
BTR,GFK
TLH,JAX
PBI,MYR
BIL,RDM
DLH,RDM
OKC,RDM
EVV,RNO
TUL,ACT
BIL,FAR
BIL,MOT
CWA,OMA
LRU,OMA
RIV,DFW
ACT,DAL
DAL,EWR
ACY,EWR
OMA,CWA
FAR,MSN
EVV,RDU
ITH,RDU
MSO,RDD
MOT,RDD
SLN,RDD
GTF,RDD
OKC,BFI
DAL,BFI
DLH,BIL
ATL,GGG
AZA,PDX
MCI,ABE
MSY,AVL
DAL,CLE
EWR,GRB
RCA,MKE
SMF,DSM
ORD,EAU
MFR,FSM
FAT,IAD
IAD,ILG
PNS,GNV
MSP,SPI
LRD,CRP
YUM,COS
ABQ,RDM
CLT,DOV
MSN,OMA
OKC,TPA
GTF,CPR
BNA,EFD
COS,OAK
BTR,BDL
ILG,RIC
RKS,RIW
MEM,GRB
VAD,LSV
GYY,LAS
CLT,MFD
IAH,RST
PUW,SAN
DAL,SNA
SHR,ISN
SBN,IAD
OMA,CID
RFD,MYR
LIT,PHL
GRK,SLC
CLE,ACT
DTW,GRK
MHT,MSN
MEM,MEM
IAD,MAF
LIT,OAK
MCI,CYS
ACV,PDX
PHX,TYS
DAY,LFT
DAY,EVV
ROA,FSM
GYY,FWA
DSM,SUX
FSD,DCA
RDD,GTF
BUF,GRR
STL,LCH
NKX,OKC
MDW,CRP
OAK,OGD
OAK,FAT
SFB,MOB
SLC,SLN
IND,AGS
AEX,BUF
OKC,EFD
MDW,LAN
GGG,RDU
BMG,RDU
BNA,ICT
RIC,BPT
AUS,CYS
SGF,CMH
IND,SAV
GSP,AVL
OKC,TYS
TUL,LEX
IND,MHT
SHV,MGM
ROC,PVD
FSD,RAP
MAF,IAD
TUL,SPI
RDD,SLC
GPT,OCF
CLT,TOL
DTW,OAK
BIL,GEG
RDD,BIL
SAT,CSG
OCF,GPT
MYR,RFD
PHL,SHD
PIT,LFT
SLC,RST
ALB,STL
CLT,DSM
MCI,HSV
OMA,HSV
AVP,PIT
BDL,SHV
PIA,YNG
MCI,BMI
CLE,CHA
CLL,MCI
ABQ,PAM
MDW,SPI
IND,SGF
GGG,IND
BHM,CLL
GJT,COS
SMF,DAL
MOT,DLH
FSM,FAT
FMN,PUB
SJT,ABI
GNV,AGS
IAH,BIF
FNT,GRK
TPA,SJC
SGF,ALO
GEG,BWI
LAF,TYS
RDU,LFT
BTL,BNA
PHX,SUS
SGF,YNG
FYV,BTR
MGM,MSP
BIL,FSD
ALO,SGF
NZY,SGF
JAN,LCH
CRP,CLL
CMI,RNO
CYS,CPR
PUW,YKM
SPI,MDW
CRW,ROA
CKB,LGA
ABQ,JFK
BWI,AVP
GSP,TYS
TYS,LAF
BAD,LSV
DAY,GSP
GSO,HSV
SAT,PIT
PIT,FSD
PUB,SGF
ORD,TLH
MKE,COS
FAR,MOT
STL,ALB
PBI,TOL
RDU,TUS
RDU,RDU
JAX,BPT
MDT,AVL
SAV,BWI
PHL,GRB
PIT,JHW
TYS,LFT
BNA,SUS
RIC,AEX
LIT,AEX
ICT,DSM
ICT,HSV
SEA,RAP
FNT,CHA
OMA,CHA
SGF,XNA
MDT,FAY
SNA,GJT
IND,CLL
MOB,CLL
SFO,JNU
MSP,SLN
CLL,HOU
COS,MAF
BWI,GEG
RIC,ICT
MDW,BIL
BTR,CSG
RNO,CMI
PIH,FLG
FLG,PIH
BGR,BTV
FWA,FSM
CHO,GSO
SHV,GSO
BHM,DCA
CHO,DCA
RAP,MCI
MIA,LIT
TOL,SPI
ANC,RNO
MSN,RNO
TOL,RNO
SJC,TPA
DSM,DAY
RNO,EWR
CLT,PIA
IAD,JAN
OAK,MFR
MSY,AZA
SAT,JFK
RNO,RIC
BTV,RIC
OKC,LAF
AHN,BNA
MCI,AEX
BHM,AEX
FOE,SHV
DSM,SWO
AZA,MSY
CMH,XNA
RIC,SLC
BGR,HIF
MSY,AHN
SUS,DAL
BRO,LRD
SPI,TOL
SHV,FOE
OMA,DBQ
BIF,IAH
CLE,JAN
RNO,MSN
GNV,MCO
MDT,ROA
LAF,CMH
LIT,LGA
OKC,SJC
CMH,LAF
FYV,LEX
RIV,MKE
HOU,MKE
RIC,MKE
SJC,SUS
JAN,AEX
PNS,FSM
SYR,FWA
PIT,FWA
SNA,GFK
CHO,TLH
ICT,XNA
FAY,MIA
MKC,AUS
PIT,DAL
JNU,JNU
ITH,SLN
CHS,TUP
CLT,BPT
ACY,JST
LCH,LFT
MKE,AEX
CID,DSM
PHL,EVV
GPT,CHA
BFI,MSP
JST,ACY
YIP,SCE
OCF,FLL
MKE,ALB
PVD,DAY
DCA,DLH
SAT,FOE
MSY,EFD
BTR,JAN
MSN,GRK
CAE,RDU
PIA,ICT
MKC,BIL
RNO,LSE
ALB,MKE
TCM,BHM
SLC,GSO
SGF,HSV
ALB,PIT
CDC,SGU
ACT,SAT
OKC,SPI
FAR,HUF
LAL,PHL
SBN,ACY
LAF,OKC
GRR,CLL
MHK,CLL
ALB,PBI
SLE,RDM
HUF,FAR
GSP,TYR
CLT,DAL
SCE,YIP
MIA,EFD
GRR,MSN
OAK,ANC
LAN,CLE
OMA,GRB
LIT,MKE
JAN,SNA
GPT,BHM
PWM,PIT
DTW,SMF
PHL,SBN
EFD,MSY
TLH,PFN
POB,OKC
JFK,RNO
XNA,RNO
BWG,TPA
FOE,AUS
TUL,TUS
ILG,DTW
PHL,MSN
ANC,BFI
YKM,AMA
BFF,CYS
CLL,COU
ALB,CAE
JAN,GGG
TUL,JFK
BHM,JFK
DFW,ABE
CAK,AVL
TUS,SNA
XNA,GSP
DLH,PIT
RIC,PVD
RDM,ABQ
ICT,LIT
RNO,XNA
GRI,SFO
DCA,CRP
COU,CLL
OMA,CAK
MKE,DAL
OMA,PIA
FSM,CWA
AMA,YKM
SUS,MDW
IAD,COU
TCL,CAE
PNS,CAE
LIT,CSG
CAE,CSG
STL,AVP
BTR,SYR
BUF,BGM
CWA,FSM
IAH,MDT
JHW,PIT
PIA,BMI
TLH,GNV
DTW,BFF
CAE,FYV
MDW,GRI
LEX,PHL
ELP,COS
EKO,RNO
MHT,CAK
RDM,SLE
BFI,DAL
ATL,DLH
DAY,MEM
ALW,MSO
OMA,CMI
RIC,BNA
ROC,STL
CLT,AEX
LAS,CDC
LUK,CHS
SBY,GSO
STL,RAP
DAL,SMF
PHL,CHA
OAK,LIT
BWI,GRR
ACY,ACY
SJC,BWG
TUL,GJT
CLT,CLL
CAE,PBI
LAS,PVU
ACY,MOB
IAD,SLN
DCA,TOL
AUS,FOE
DAY,AGS
GSO,AGS
MDW,YIP
BTR,HOU
LIT,JAN
MSO,MSN
RAP,MSN
SLN,PHX
FAT,AMA
ILM,CAE
MDT,CAE
GSO,BDL
COS,FLG
CMH,YNG
PHL,FSD
SGF,FSD
IAD,SGF
FSD,SGF
SAV,MYR
SJC,PHL
MOB,ACY
SAN,GJT
ILG,ACT
ABQ,ACT
ICT,DAL
ORD,DLH
GRK,MSN
CLE,MBS
CRP,ICT
CMH,BPT
TOL,BPT
MSP,RFD
BUF,AVP
CMH,TYS
AEX,LFT
MIB,LSV
CAK,LUK
GRR,PIT
ACT,ILG
BGR,ABQ
AUS,MKC
CHO,LIT
NZY,SAT
MIA,CLL
BNA,TUP
PWM,BUF
ROA,MDW
COS,DRO
JAX,EFD
GTR,CAE
AVP,JFK
ABE,RIC
CID,RFD
HOU,SJC
PIT,ROC
MDW,EAU
MSP,MGM
ACT,ABQ
GRB,GFK
RFD,NBG
SMF,BFF
FAY,OAJ
MDT,OMA
BKL,DAY
SLE,EUG
MHT,FAT
MSO,BZN
EVV,MDW
MEM,MDW
FSM,ROA
OMA,SEA
ABQ,MSO
GSP,RIC
RFD,RFD
CDC,RFD
JAX,SAV
RDU,TYS
CKB,MKE
RDD,STL
MDT,CHS
GSO,FWA
DAY,PVD
OMA,SHV
PWM,ILM
IND,BMI
MSO,ALW
GRR,CID
CLE,XNA
JAN,ACT
BPT,AUS
RIV,TUS
ALM,ELP
COS,LAN
MKE,LNK
MDW,MEM
SJC,CSG
SAT,ABE
CAK,CLE
CID,GRB
ATL,SUS
CMH,CHS
CHS,LUK
MKE,CKB
PNS,GSP
TUL,HSV
CRP,BRO
LGA,TLH
FAY,PHL
MDW,OKC
CID,SPS
ICT,CLL
BKL,MIA
JAN,TYR
GPT,PIA
FWA,CWA
CID,ABI
RST,MSN
BWI,PAH
FTW,CSG
DSM,CMH
RDD,MSO
BTV,AVP
BGR,AVP
CMH,SYR
IPT,ABE
MSN,LAF
GEG,BNA
TLH,PNS
TPA,RST
BTR,CVG
CWA,FWA
JFK,GNV
LRD,LAX
RFD,IND
PWM,MYR
MCI,ACY
APF,FLL
TCM,MIA
SMF,ELP
GFK,MSN
PIT,GEG
IDA,BIL
CSG,SJC
PAH,BWI
PHX,CDC
STL,LUK
ABQ,CKB
BNA,FWA
SMF,MDT
CMH,ILM
FLL,ILM
CAE,GRR
BOS,SPS
LIT,CLL
AMA,CLL
ELP,CLL
BTV,ALB
CSG,FTW
DAL,PIA
GJT,PUB
FAY,MDW
MSN,BDL
TOL,LGA
MSN,PDX
CWA,LSE
SEE,VGT
FTW,LAS
CVG,FSM
MKE,GSP
JFK,MDT
LNS,DCA
MAF,CLL
LAN,COS
BDL,FNT
ATL,DAL
COS,LAW
MIA,TUS
BOS,TUP
LAN,MDW
CMH,LAN
PIT,MSN
GRR,MBS
LAN,CMH
MWA,ALO
BFI,ANC
DAL,CLT
BFI,EIL
PVD,TYS
LAN,MKE
TOL,MKE
AVL,BNA
FYV,BNA
CPR,PIH
EIL,RIV
MKE,BHM
MSY,SMF
OKC,SBN
CKB,ABQ
MEM,ABQ
GPT,BTR
MSP,BMG
ICT,MKC
AVP,PBG
CLT,CID
CAE,IND
LAN,PHL
DSM,SPS
ORH,CHO
MCI,ACT
GFK,FAR
GNV,MCN
LRD,MIA
AUS,OMA
TUL,TPA
LAF,DAL
CLL,DAL
PNS,LAW
PIA,LAW
SPS,ABI
HOU,BUF
MSP,JAN
FOE,LBB
PIT,ROA
BTM,SEA
BWI,ICT
DCA,BPT
GTF,BIS
STL,COU
SAT,PDX
CAE,CLE
AHN,TYS
LUK,LNS
GFK,MKE
PHL,RST
VGT,SEE
ILG,STL
PUW,EAT
YKM,EAT
XNA,BHM
BWI,MDT
BHM,SHV
ICT,ABQ
COU,MKC
STS,RDM
JBR,DFW
HRO,DFW
DTW,AFW
MCI,MLU
STL,TOL
MGM,TUP
GTF,YKM
EAU,MDW
ILG,MDW
GNV,GTR
ALO,CMH
STL,GRB
GTF,EAT
BIF,AEX
CMH,CRW
BTV,PIT
GSP,SBN
MDW,DCA
TPA,YNG
EFD,SAT
BTR,SAT
MKC,FAY
SBN,OKC
LAF,SLC
BWI,FAR
ABQ,MIA
CLE,BGR
SAT,DLH
BTR,EWR
AUS,TOL
MDW,TOL
BNA,ABI
SAT,JAN
LGA,GRK
BMG,LAN
SMF,BFI
MDW,CSG
AEX,LSF
CMH,MKG
MIA,MKE
GSP,BHM
GSP,GSO
HSV,GSP
LSE,DCA
LAN,BMG
RDU,SGF
DLH,GRR
LKE,CLM
IND,OKC
ABI,SPS
DRO,GJT
LNK,COS
LAS,FTW
MSN,MDW
AUS,LNK
LAS,BFI
KTN,GEG
PHL,COU
SBY,BWI
PHL,BKL
LIT,TYS
TYS,BHM
IAD,LUK
MYR,GSO
AVL,GSP
GTF,MCC
BDL,BTR
MKE,LIT
AUS,FSD
CLE,FSD
DAY,IND
TOL,PHL
MDW,GJT
CHS,CLL
RNO,RDM
DAY,RNO
OAK,MIA
MEM,DAY
BFI,ATL
EAR,ELP
ELP,EAR
LNK,MSN
MCI,MBS
ICT,CSG
LIT,GGG
BQK,SAV
ELP,ALO
PWM,AVL
DCA,CMI
MIA,BKL
OAK,CLE
SLC,LAF
ELP,ALM
BTV,GSP
STL,MHT
SAT,BTR
CLL,GNV
ACT,MCI
LNK,MCI
MEI,SAT
MBS,FSD
VLD,TLH
AHN,FYV
PIT,GRR
MKC,PHL
XNA,SPS
GJT,SPS
MTJ,SPS
HSV,COS
FAT,YUM
MCI,CAK
ALB,MCN
CLE,TYR
MHK,AUS
SJT,AUS
IAD,FOE
BZN,YKM
MHT,AGS
PHX,MAF
PVD,MBS
SEA,SEA
SJC,GEG
BZN,GEG
DCA,ICT
CHS,BWI
MSN,GRB
AVP,TYS
MKC,SUS
LIT,PIT
AUS,BTR
CLT,SPI
TYS,LCH
GRR,FNT
STL,PVU
LAF,TUL
PIT,GGG
SAV,AVP
ILM,ABE
AVP,ABE
MSP,LEX
MCI,LEX
SBN,MKE
ROA,BHM
CLE,FSM
LIT,GSP
COS,MGM
HOU,SMF
SYR,CHA
CAE,LIT
YIP,FSD
BWI,FSD
DCA,FSD
OMA,TLH
CWA,GRR
MDT,CLL
RNO,OGD
LRD,PVU
TYS,AHN
COS,BGR
AUS,BPT
AGS,CSG
SYR,AVL
EDF,EIL
DAY,TYS
AUS,MHK
DAY,BNA
SGF,BHM
CAE,FWA
RDU,PGV
LEX,TCL
MDW,ILG
HOU,BTR
JFK,CHA
SUS,MKC
ICT,MSY
CLE,PKB
MSN,GRR
GPT,LCH
GEG,SFO
GSO,SPS
BWI,CRP
BTR,AHN
SBA,ABI
CYS,SHR
BWI,SYR
LEX,TYS
BNA,LFT
TPA,CHS
CRW,GSP
MHT,HSV
MCI,MGM
SAT,SBN
ALB,SBN
ICT,BMI
ORD,GFK
XNA,SAT
ABI,SAT
COS,CID
OKC,CID
LSV,MUO
BKL,SFO
SBP,SBA
BPT,FTW
PHX,DAY
FLL,APF
MFR,MDW
SYR,MDW
GRB,MDW
DAL,DTW
MAF,EFD
MKE,OAK
PWM,ROA
IAD,MBS
ALO,ICT
SAN,BKL
LGA,BKL
MDW,GRB
MSY,LFT
MIA,LEX
EVV,BNA
CMH,DSM
CMH,HSV
OMA,BTR
FSM,CHA
PVU,SAT
MSN,FSD
CLT,GRR
GGG,PHL
ERI,IPT
BHM,SFO
JST,SCE
DTW,COS
MFR,RDM
PVD,FNT
MGM,MOB
STL,MOB
SGF,PIA
CMH,PIA
AUS,PIA
DHN,AGS
BZN,MDW
MSP,YIP
LIT,LBB
GEG,GEG
SAT,AMA
PDT,BIL
IND,CYS
GSP,CMH
DCA,GPT
MSY,RFD
POB,RFD
CHS,AVP
BMI,ALO
MDW,TYS
TUL,LAF
ACT,MHK
SAT,MKE
MYR,STL
MOB,BHM
LUK,DSM
IND,GSO
BMI,HSV
LGA,SBN
FOE,IAD
YIP,MSP
CMH,FSD
AND,TLH
MIA,CID
IAD,FAY
GRR,TVC
AUS,CRP
SAT,GJT
DAL,SLC
MHK,ACT
PVD,ALB
STS,EUG
RDU,ITH
LIT,PIA
MEM,BUF
FTW,HOU
BTR,GPT
ALB,SYR
XNA,LAS
MDT,ROC
MDW,CVG
BDL,MDT
AUS,HSV
PKB,PIT
PHL,RAP
CKB,SBN
CAE,TCL
GEG,GTF
PIH,IDA
ABQ,MKC
CMH,SPI
EWR,HUF
GRB,GRR
TYS,IND
PWM,CHO
TLH,OMA
GTR,AHN
LRD,AUS
SPS,DAL
YNG,DAY
SJC,ACV
ALW,YKM
CYS,LAR
COS,MSN
SJC,AZA
SAN,BFI
ORD,AMA
OKC,COU
CRW,CAE
AHN,GTR
BKL,LGA
FWA,JFK
MSN,RFD
RDU,SYR
BGR,ABE
ABE,JST
MKC,MKE
MDW,SNA
TOL,STL
CNM,ALM
CAE,CRW
ORD,FSM
EWN,ILM
SGF,BMI
SLC,SGF
COU,OKC
LEX,OKC
HOU,SFO
FAT,SBA
TLH,CHO
RAP,COS
PIT,TUL
CHO,ALB
CRP,LRD
ANC,TUS
BGR,AGS
CLE,LBB
MHT,ROA
ALM,CNM
AUS,CMH
OMA,PDX
FAY,AVL
CAE,NZY
BNA,GSP
MSY,TWF
AHN,BTR
HOU,BRO
MKE,CHA
JAC,IDA
LBB,SAT
CMH,GRR
IAD,LCH
GPT,GYY
SAT,FTW
SJC,FAT
FSD,MDW
CVG,OAK
GYY,GPT
ROC,SYR
FSM,TYS
LAX,FSM
CHS,HSV
ABE,ILM
DSM,BMI
JAX,GNV
PBI,PGD
SNA,PHL
GRK,MUO
SGF,SPS
PVU,SLC
MLU,ACT
BIS,FAR
CSG,AGS
YIP,MDW
BTR,MDW
HSV,ICT
DAY,AVL
BFI,BWI
PVD,LSE
ACY,PNS
RDM,SMF
IAD,SBN
AVL,ILM
BOS,YNG
JFK,SPI
JAX,SPI
ATL,FYV
TYS,GJT
MBS,EWR
LNS,EWR
GRR,TOL
ROC,AGS
GPT,EFD
GSO,HOU
MSY,JAN
BIL,JAC
PBI,PHX
OMA,RDU
PIT,BFI
MKC,BFI
GLH,TTN
HOU,AMA
NZY,CAE
MKC,CMH
BIF,GPT
GYY,CLT
TVC,AZO
EVV,MFD
GSP,BNA
BHM,PNS
CKB,CRW
SBN,CKB
IND,GSP
OMA,GSP
CRW,PIT
PHL,BTR
MIA,SPI
PBI,SGF
TOL,GRR
PNS,ACY
AMA,SPS
SFO,CHO
MSY,OMA
CLL,TYR
LAN,BOS
HOU,FTW
ILG,DAY
EAT,YKM
IAD,AGS
SCE,ORD
CID,YIP
OKC,YIP
CWA,MSN
MSY,MBS
ORD,BFI
OMA,BFI
FAR,MSO
ALB,PWM
KTN,ANC
PUB,FLG
PIT,FSM
HOU,MGM
DHN,MGM
PIT,PKB
ABR,FSD
BHM,SPI
SAT,SGF
JAC,COS
FAT,COS
PGV,ERI
SBP,YUM
FSD,FAR
PWM,MCN
CAK,OMA
CKB,TPA
CAE,TYR
IAD,BGR
MSN,DLH
JAX,PIR
CLE,ABI
MYR,AGS
CPR,LAR
BWI,LNK
SMF,OAK
MKC,PHX
CLE,BFI
RIV,ANC
ISO,AVL
MOB,LFT
SAV,STL
TPA,CKB
CRW,CKB
IND,PGV
MCN,GSP
LNS,PIT
SAT,PVD
YIP,CID
SGF,IND
CMI,IND
BUF,OKC
BMI,SFO
LEX,CLL
MKC,FLL
CAE,MCN
DAL,MIA
AEX,OMA
BFI,BOS
MKC,DAL
SHV,DAY
APN,TOL
TUS,TUS
MKE,YIP
GPT,JAN
SGF,ICT
BGM,ABE
FWA,CLT
MCI,BKL
ORD,PIH
MSO,BLI
MCN,BHM
JAN,GLH
BGR,GSP
JAX,RAP
MIA,TCL
SLE,TWF
LAX,BTR
LWS,IDA
TOL,TLH
LGA,SFO
GSO,GYY
TCL,MIA
FLL,TUL
DSM,EWR
FWA,TOL
LAR,VEL
BTM,MDW
OAK,DTW
CID,HOU
GRK,MBS
BWI,BFI
MDW,GTR
MKE,PDX
ELP,FLG
DFW,JBR
MOB,BNA
GCK,SUX
SEA,SBN
CHS,BMI
BFI,MCI
DSM,XNA
NZY,SFO
LYH,CHO
SNA,YUM
MKC,DFW
GPT,MOB
SAT,BUF
TTN,MDW
LAF,MDW
CID,MDW
SUX,MDW
RAP,DTW
POB,ISO
LAR,CYS
BGR,BDL
LGA,MEI
AUS,RFD
ILG,AVP
MDW,LAF
SUS,MKE
RST,MKE
LFT,AEX
SGU,CDC
CHS,GSP
MOB,GSP
ERI,MDT
BOS,HSV
MOB,MGM
EFD,PIT
MEI,MSY
RIW,RKS
ALB,OMA
MDW,CPR
FWA,DAL
MSY,AFW
GRR,DAL
EVV,DAY
SBN,ITH
GJT,ATL
BFI,MDW
GTR,JAN
EFD,OAK
SJC,MCO
AUS,CAE
OGG,HIK
SFO,LGA
YNG,RFD
DSM,LSE
AGS,ROC
OAK,SUS
MDW,ATY
SUS,CVG
DAL,FWA
ITH,SBN
PFN,IAD
GYY,MSP
MDT,XNA
DSM,GRR
ROC,GRR
ORD,SCE
FAR,BTM
MDW,FNT
BTR,OMA
DAL,BOS
BTV,ELM
SGF,ABI
FYV,ATL
GEG,BZN
AEX,ORD
RDM,MDW
ATW,MDW
LAR,MDW
DCA,EFD
BOS,MSN
FSD,MFR
SFO,OAK
MCI,AMA
MDW,ATW
CLE,CAE
ABE,CMH
FSD,LGA
BGR,RIC
MDW,BKL
MKC,CLE
CMI,FSM
MDW,FWA
PWM,FWA
HOU,PVD
GTF,RAP
EVV,SBN
MDW,GTF
DTW,MKC
AEX,MSP
JFK,FSD
CRW,FSD
TIK,SZL
PVD,ERI
BHM,ACT
MCO,ACT
MEM,ACT
MSO,BTM
LBB,FAR
GRB,FNT
ELP,OMA
SHV,TYR
GRR,DAY
TUL,DLH
BOS,ELM
LBB,LAW
FOE,TUS
DTW,TUP
ILM,AGS
CMH,BUF
IAH,MDW
HUF,MDW
LRU,ELP
CLT,HOU
BHM,EFD
SHV,JAN
TYS,GRK
HUF,ISO
DCA,LAN
BQK,MCO
OMA,PAH
CDC,PHX
JAN,RDU
MDT,RDU
RIC,ROA
CID,MBS
DAL,ICT
RAP,ABR
AUS,ABR
PBI,BPT
FAR,CYS
XNA,COU
LUK,CSG
MDW,EYW
MEM,PWM
ROC,PWM
MKE,RIC
ERI,AVP
MSY,ABE
PIT,AVL
RDU,BQK
PIT,GRB
RIC,AZO
ATL,AZO
BHM,TYS
MCO,LFT
PNS,LFT
CHS,LFT
MSY,LEX
CHO,MKE
CRW,MKE
JAN,MKE
GRB,RST
IAD,SUS
CMH,SUS
TUP,BHM
CSG,LUK
ALO,DSM
SUX,DSM
PIT,EAU
BGR,EAU
CLT,EVV
ABE,FWA
RIC,FWA
HSV,FWA
CLE,HSV
FYV,MGM
IND,MGM
MKE,MWH
GSO,PIT
AVP,PVD
ABI,SJT
GRR,SHV
CID,SBN
TUL,SBN
FLO,ILM
CAE,ILM
MOD,BFL
TYS,BRO
MSN,CHA
SGF,LIT
FLL,LIT
MGM,FYV
SBN,GRR
AZO,GRR
ATL,LCH
PBI,LCH
JAN,OKC
BOS,SCE
RIC,CGI
TUS,GJT
BRO,CLL
MSP,CLL
ORD,CLL
OMA,FNT
LFT,TYR
FWA,TYR
CHS,ALB
CVG,DAL
LEX,DAL
FSD,DAY
CMH,ITH
XNA,PIA
PHL,UIN
AEX,TOL
YIP,FOE
DSM,TUP
MYR,BUF
BFI,DTW
RST,DBQ
LCH,JAN
RIC,JAN
JAN,GRK
BHM,LAN
SBN,LAN
FAR,LBB
LEX,AZA
CAE,ROA
DAY,ROA
MHK,ICT
MSN,ATW
RDU,BPT
SGF,CYS
MYR,CAE
MGM,GTR
PWM,CMH
ITH,CMH
GSP,FLO
CYS,GCC
MHT,SYR
RDU,ABE
TYS,ABE
RIC,AVL
EVV,CMI
TYS,CMI
SNA,BKL
FSD,AZO
MKE,TYS
GYY,LAF
IAH,MHK
IAH,ROC
TUL,ROC
BTM,STL
TYS,STL
GRR,BHM
RDU,CHS
PAH,CVG
MCI,EVV
AUS,EVV
PIA,FSM
JAN,GSP
FNT,HSV
SYR,HSV
JAN,MGM
SEA,MWH
RDU,PVD
ABR,RAP
TUS,SJT
LIT,SJT
TYS,SBN
ROA,DCA
MDW,YNG
JAX,BTR
LEX,CHA
HYS,GCK
FWA,GFK
MCO,MKC
GRR,LIT
RAP,LAX
OMA,SGF
IND,XNA
SAT,XNA
FLO,FAY
LAN,GRR
GSP,IND
DAY,LCH
MKE,LCH
RDU,LCH
GSP,MYR
CVG,BWG
JAN,SPS
CHS,CRP
ICT,CRP
COS,CLL
PHX,CLL
FAT,OGD
MDT,TUL
BWI,TUL
HOU,TYR
MCN,ABY
FCA,DAL
AZO,DAY
TYS,DAY
OMA,DAY
MDT,DAY
ATW,DLH
OMA,DLH
JAN,TUP
CLT,TUP
ROW,ABI
GRK,ABI
BKL,ATL
DAL,ATL
TUS,EFD
GRR,JAN
TUL,LBB
ICT,LBB
ROC,MSN
MSP,OAK
RDU,PAH
CLE,ROA
EWR,COU
LRD,CSG
SUS,CMH
BGM,LGA
AVP,SYR
DSM,ABE
SBN,AVL
ATW,BWI
MKE,LFT
RDU,LEX
STL,LEX
AVP,MKE
TLH,BNA
MSO,PIH
PVD,ROC
LGA,SUS
DAY,CRW
RIC,CRW
BMI,CVG
BTR,DSM
GYY,EVV
CHS,GSO
SAV,HSV
LIT,MGM
SJC,TWF
LWS,TWF
ILG,IAD
SAT,YNG
DSM,BTR
MSP,BMI
ATL,BRO
RDM,IDA
GTR,LIT
MGM,PFN
PHX,FYV
IND,LCH
DTW,IMT
MCI,GJT
BHM,COS
BMG,GYY
AVP,CAK
BDL,CAK
RAP,FAR
MKE,FAR
LRD,TYR
RDU,DAL
CAK,DAY
FSD,EUG
PIA,MWA
PNS,MOB
MWA,PIA
RIC,TOL
CLE,TUP
SNA,MDW
OKC,JAN
IAH,MKL
TVC,LAN
CVG,LBB
COS,LBB
MSN,MSN
MKC,MEM
XNA,PHX
AVL,RDU
LEX,RDU
SMF,RDD
LBB,ROW
IAD,ABR
TYS,BPT
MKE,BPT
SYR,CMH
CLT,LCK
JAN,CMH
MSY,GPT
CLE,GGG
ABQ,MTJ
SFO,MTJ
OKC,MTJ
MKC,MKG
JAX,AVP
PWM,ABE
BOS,AVL
MEM,BKL
CWA,GRB
RST,GRB
JAX,TYS
MDT,TYS
GRR,LSE
LUK,MHK
MDT,MKE
CHS,BNA
MDW,RST
RAP,RST
MKE,ROC
LAX,SUS
AVL,AEX
SYR,BTV
PHL,LUK
ICT,EAU
GRR,EVV
SHV,FSM
BUF,FWA
SAT,GSO
ORH,PGV
MHT,GSP
SYR,MDT
MSN,HSV
BIL,RAP
BNA,SBN
COS,TWF
SUS,IAD
MDW,CHA
EVV,CHA
MEM,MKC
BMG,MSP
PNS,TLH
SHV,GRR
AVP,ERI
GSO,ERI
STL,FAR
SJC,OGD
MDT,TYR
TUL,ALB
TUS,AHN
COS,DAL
DFW,DAL
ALB,ELM
BZN,HLN
GPT,LAW
DSM,LAW
BNA,SLN
BHM,TUP
FWA,ABI
YNG,ATL
SUS,BUF
CVG,MDW
OMA,EFD
CMH,GRK
DSM,LBB
ATW,MSN
RDD,OAK
CHS,BPT
OAJ,CSG
LIT,GTR
RIC,PWM
BGR,PWM
SLN,SJC
BGM,SYR
MDT,SYR
MDT,ABE
JAX,CMI
BMI,CMI
TVC,CLE
HSV,AZO
DAL,FCA
IAD,LFT
FNT,LEX
TVC,MKE
EAU,MKE
JAN,PNS
RST,STL
MDT,DSM
SAT,EVV
DTW,FSM
LGA,FWA
ILM,GSO
MIA,GSP
DCA,MDT
BHM,MDT
CMH,MHT
SCE,PIT
AUS,PIT
LRD,SJT
DTW,ILG
ABE,ILG
PBI,BTR
LBB,BRO
ALB,CHA
OMA,MKC
SHV,LIT
RIC,LIT
DAY,MSY
DCA,SGF
BMI,SGF
SGF,CID
CLL,FYV
LGA,FAY
STL,IPT
XNA,OKC
MEM,SCE
FYV,CLL
JAN,CLL
FSD,COS
ORH,COS
RNO,EKO
JFK,ERI
TOL,CAK
PVD,CAK
ALB,FNT
JAN,MCN
BUF,OCF
PIA,OMA
LUK,OMA
HSV,TYR
DCA,AHN
CAE,AUS
OMA,DAL
TYR,DAL
GRB,DLH
SAT,FAT
ALO,MWA
SAV,TOL
GPT,TUP
CMH,TUP
LRD,ABI
PIA,ABI
MIE,MDW
FOE,YIP
MKE,EFD
MLU,JAN
OMA,GRK
MAF,GRK
HOU,GRK
GSP,GRK
HSV,GRK
SGF,MSN
IAD,MSN
PHL,PAH
BNA,GEG
BFI,GEG
BTV,ATW
CLE,ATW
HSV,CAE
LFT,CSG
BGR,CMH
OMA,CMH
CVG,GPT
GFK,MSO
BKW,PDX
ALB,RIC
LIT,RIC
BFF,SJC
ROA,SAF
MEM,AVP
ORD,ALO
BHM,ABE
RIC,ABE
BFF,DIK
FNT,LSE
TLH,LFT
MDT,LEX
CLE,MHK
BMI,MKE
MSP,SUS
ALO,STL
MDW,CRW
MCW,DSM
LEX,GSP
ROA,GSP
GRR,HSV
CID,MCW
MCO,MGM
SAV,PIT
AHN,DCA
LUK,DCA
BWI,ILM
DSM,ABQ
BUF,CHA
SUS,LAX
CLE,BFF
MSN,SGF
BHM,TLH
SYR,POB
MDT,GRR
LEX,JAX
CID,OKC
ROA,OKC
FSD,TVC
IAD,SPS
IAD,CGI
CLT,CRP
MEM,GJT
DAY,CHO
AMA,COS
PIT,COS
XNA,CAK
CMH,CAK
TYS,OMA
GSO,TPA
MCI,ALB
PDX,DAL
IND,DAY
FWA,DAY
MEM,SLN
LGA,TOL
EWN,AGS
CVG,AGS
MTJ,DRO
SMF,HOU
PNS,JAN
LRD,GRK
PNS,GRK
PIA,LNK
MSN,LBB
MSP,ROA
RDU,ROA
BFI,LKE
LIT,ICT
BWI,ATW
PIT,BPT
EAR,CYS
JAN,CAE
PVD,CSG
LIT,CMH
FWA,GGG
IAD,MSO
BTR,RIC
LEX,AVL
LNK,CLE
STL,TYS
GRB,LSE
GSP,LEX
FCA,PIH
ALW,EAT
FNT,BHM
MEM,BTV
PHL,CKB
MDT,EAU
MIA,EVV
CAK,FWA
CAE,GSO
TLH,HSV
TTN,SBN
ACY,IAD
MDW,ILM
ATL,YNG
AVP,CHA
SBN,CHA
FCA,IDA
CHS,LIT
SHV,LAX
BHM,GRR
GSO,JAX
JAX,JAX
PIB,JAX
GNV,OKC
MSN,SPS
CLE,CLL
DSM,COS
PNS,ACT
SAV,ACT
BHM,FNT
GPT,MCN
PHL,OCF
SGF,PVU
CMH,TYR
GSO,ALB
GRR,AUS
AVP,BOS
MKC,BOS
DTW,DAL
AVP,DAY
SHV,LAW
SGF,MWA
PBI,MOB
GSP,TUP
CRP,ABI
PNS,ABI
MSN,ABI
CAE,AGS
DAY,MDW
UIN,MDW
MDW,ELP
MCO,EFD
RDU,JAN
GSO,JAN
BTR,GRK
COU,LBB
LAF,MSN
ABE,RDU
PVU,ROA
TLH,ICT
DSM,AMA
IDA,BIS
IDA,CYS
LBB,COU
CAE,CMH
BFI,CMH
BUF,RIC
TYS,SYR
CRW,SYR
LCK,CLT
DAL,BKL
BFI,CLE
SYR,TYS
SYR,LEX
LGA,LYH
GTF,PIH
BNA,RST
TVC,SUS
DAL,SUS
FSD,STL
EFD,CVG
BMI,DSM
IAH,EVV
ILG,PGV
BGR,PVD
BWI,SMF
BTR,SHV
ALB,SUX
RIC,BMI
CAE,CHA
CAK,MCI
SUS,MSP
IAD,FSD
DNE,TIK
SNA,SBA
ORD,CRP
TUS,CLL
EUG,BTM
HLN,FAR
BWI,FNT
RDU,MCN
LAW,TUL
BTR,TUL
CVG,TYR
LSE,DAL
SYR,ELM
OMA,FAT
ORD,LAW
OMA,MWA
CMH,MOB
SUS,ATL
DAL,BUF
ALB,YIP
IAD,ELP
CAE,EFD
MEM,LNK
SEA,RDD
ABE,ROA
MIA,COU
FYV,CSG
CLL,CMH
OAJ,FLO
IDA,SAF
MKE,AVL
ILG,CLT
GCC,DIK
SNA,GRB
MDW,LSE
IAH,LSE
MKE,LSE
LEX,MKE
ABE,MKE
SAT,RST
MSP,ORH
PNS,BHM
PVD,LUK
GRR,DSM
MEM,FWA
AVP,FWA
ATW,GSP
JAX,MDT
BFD,PIT
PIT,RAP
DSM,RAP
FNT,SJT
DSM,SHV
DCA,SBN
LUK,IAD
CLE,BTR
OAJ,BMG
CAE,BRO
HSV,CHA
SFO,IDA
ORH,MSP
DSM,SAT
ICT,TLH
CSG,FYV
BTR,FYV
RDU,SBA
SUS,TVC
SAV,CRP
YUM,GJT
PNS,CLL
MAF,COS
TUS,COS
OMA,MIA
COS,TUL
GRK,TYR
XNA,ALB
FYV,AHN
GEG,BGR
FYV,DAL
ROA,DAY
CID,LAW
CVG,MOB
LAX,BUF
SJT,HOU
LSE,IAH
GSO,EFD
PIT,MKL
SWO,LNK
GPT,MSN
ALB,MSN
CMH,NQA
MIA,NQA
LAF,RDU
SAF,RDD
LKE,BFI
GNV,CSG
NQA,CMH
BTM,MSO
TYS,RIC
XNA,SYR
STL,ALO
GFK,LSE
GPT,LFT
GRR,LEX
BKL,MKE
DAL,MKE
BMI,BNA
DAY,AEX
BDL,EVV
MSN,EVV
ALB,MDT
LIT,HSV
OKC,HSV
FWA,HSV
FLL,SHV
LAX,SHV
DTW,SUX
LNK,SWO
OWB,IAD
AVP,IAD
CLT,ILG
ILG,YNG
LNK,BTR
CMI,SPI
SAF,SGF
MWA,SGF
DAL,FYV
NFL,POB
STL,GRR
MEM,LCH
TPA,BWG
MFR,LMT
TOL,OKC
FWA,SPS
MSY,CGI
ILG,FLL
LAS,ERI
SLC,MIA
ILG,TPA
LNK,AUS
SJT,LAW
SMF,EWR
CLE,PIA
FOE,TCM
ILG,TOL
COS,DMA
PHX,DYS
RDU,BUF
SAV,EFD
CHS,HOU
TLH,JAN
CAE,GRK
TUL,MSN
MWA,AZA
OKC,BIL
FAY,CAE
CAK,CMH
TLH,VLD
MDW,ABE
BNA,CMI
MKE,BKL
ROC,GRB
FYV,TYS
DFW,LSE
RDU,LAF
STL,LFT
PVD,MKE
CAE,AEX
PVD,BHM
ORD,CKB
GRB,DSM
SGF,DSM
CMH,EVV
ROC,FWA
CRW,GSO
HSV,GSO
ILM,PGV
FLL,MDT
IAD,MGM
CKB,PVD
LUK,PVD
HSV,SHV
MSN,SHV
BNA,SUX
CPR,IAD
YNG,ILG
GTR,GNV
RDD,IDA
CPR,IDA
GSP,LIT
SFB,PFN
BNA,FSD
IAH,SPI
COU,SGF
PFN,JAX
ILM,MYR
OKC,PHL
GNV,CLL
HSV,ACT
LFT,ACT
IDA,BTM
MIA,OMA
CMH,TUL
SAV,TYR
DSM,ALB
BGR,ALB
DSM,AUS
GNV,AUS
PGV,DAL
IAD,DLH
PVD,ELM
JAN,MOB
AZO,TOL
SBN,FOE
TYS,ABI
CKB,ORD
MYR,MDW
SGF,MDW
MQT,LAN
SYR,LAN
XNA,LBB
CRW,MEM
YIP,RDU
HSV,RDU
RDM,RDD
ATL,MBS
CLM,LKE
RDD,SEA
CLE,ICT
FWA,ICT
ATL,BPT
PIB,CYS
SAT,CMH
CHA,BDL
TLH,EYW
LWS,PDX
ELM,AVP
BAD,VAD
BDL,ABE
ITH,ABE
PGV,AVL
XNA,AVL
SAN,FLG
CMH,GRB
CAE,LFT
MKE,LEX
LAN,MQT
BHM,MKE
LEX,ROC
ALB,STC
GSP,STL
HSV,AEX
AUS,DSM
TUL,DSM
DAY,EAU
ICT,EVV
RIC,MDT
SBN,PVD
BIL,SMF
GJT,SJT
ROA,SBN
PVD,SBN
DLH,IAD
AUS,GNV
MEM,GFK
ELP,MKC
PIR,BFF
EWR,SPI
DCA,HUF
YIP,BTL
JAX,CID
MDW,MYR
FWA,OKC
PIA,OKC
MTJ,SFO
SAV,SPS
COS,CRP
LUK,CHO
BUF,ERI
FLG,YUM
OKC,MCN
OAK,TUL
BHM,AFW
ABE,DAY
MGM,DHN
FNT,ELM
RDU,YIP
DFW,DBQ
ELP,ELP
PDX,HOU
AUS,JAN
AUS,MSN
LMT,MFR
LGA,OAK
OAK,MCO
OKC,ROA
MKE,ROA
SFO,BFI
PNS,GPT
HSV,GGG
DSM,GGG
ELM,LGA
IND,SYR
ICT,ALO
FCA,GRB
SYR,AZO
ILG,FCA
SGU,PIH
MSO,SAN
OKC,SNA
EWR,CRW
CHO,LUK
MDT,FWA
EVV,FWA
LEX,FWA
EWN,PGV
GRR,SBN
EKO,TWF
MHT,ILG
IAD,ILM
OKC,BFL
GSP,BTR
ALO,BMI
TLH,LIT
PIA,IND
OAK,PHL
FSD,GJT
TYS,CLL
GPT,ACT
CVG,FNT
PVD,MCN
MWA,OMA
YIP,ALB
STC,ALB
TCL,AHN
BTV,BGR
PNS,DAL
DAY,DAL
SBP,FAT
GSP,ABI
FSD,DTW
BTL,DTW
TVC,YIP
CMH,YIP
MKC,ELP
AVL,EFD
ATL,MKL
IAD,LAN
SBA,LBB
TTN,MSN
OAK,MEM
MEM,OAK
PGV,RDU
BHM,ROA
SAT,BFI
MSN,TTN
TPA,BPT
LIT,CYS
TYS,CSG
TYS,CMH
CRW,CMH
YIP,CMH
MEM,PDX
MDT,RIC
MKE,AVP
IAD,AVP
GSO,ABE
CHS,AVL
PUB,CLT
BNA,LSE
RST,LSE
BUF,MKE
MSY,MKE
FAR,STL
MIA,MDT
CMI,SJT
BZN,TWF
LCH,BTR
SHV,BTR
MGM,LIT
SMF,MSY
HSV,PFN
LNK,SPI
BTV,IND
OAJ,MYR
RIC,CHO
XNA,CLL
SBN,FLL
AVL,CAK
SYR,FNT
MDT,FNT
HOU,BOS
HLN,CPR
OAK,AFW
MSN,DAL
IAD,MLU
FNT,ABI
COS,HOU
CHS,GRK
MKE,LAN
SAT,LBB
ROW,LBB
DBQ,MSN
TYS,PAH
GSP,MBS
LMT,SEA
TPA,TTN
SYR,BIS
DFW,HRO
MCI,NQX
MEM,JFK
OAK,LGA
IND,AVP
CLT,BKL
AUS,TYS
BWI,SBY
SHV,STL
RDU,CRW
YIP,LUK
CLT,LUK
BNA,EVV
PIT,EVV
MSN,MDT
RAP,MHT
BHM,MGM
STL,SHV
AVP,ILG
AVL,CHA
PNS,SAT
FAR,SPI
TYS,FYV
LSV,PHL
VEL,RKS
TLH,IPT
RNO,LMT
MIA,OKC
BWI,CHO
HOU,COS
SLC,ACT
FOE,ACT
AND,MIA
SBN,TPA
FSM,TUL
ABI,DAL
ELP,LRD
PHX,MWA
ACT,FOE
LBB,FOE
PFN,TUP
GJT,ABI
MKE,BUF
RFD,MDW
LUK,YIP
SJC,HOU
AVL,MSN
CAK,MSN
MYR,RDU
SBN,MBS
OKC,AMA
BWI,AND
MIA,AND
CSG,CAE
CHS,FLO
GEG,LWS
OMA,SJC
PVD,AVP
AND,BWI
IND,BKL
ILG,CLE
ABQ,TYS
BFI,LSV
IAD,LEX
LNK,SNA
STL,AEX
JFK,CHS
GNV,GSP
ABY,HSV
SCE,PVD
VAD,BAD
MYR,TCL
MFR,TWF
SAV,ILM
OMA,ABQ
GSO,LIT
ESC,MSP
ROC,FSD
CMH,TLH
IPT,TLH
SAT,GRR
BHM,IND
RDU,OAJ
BRO,LCH
TCL,MYR
BDL,CGI
AND,CHO
CVG,ACT
HOU,ACT
DAY,CAK
PIT,CAK
AVP,DOV
CID,FAR
SMF,MIA
GGG,TYR
MEM,ALB
RNO,EUG
CHO,ITH
TVC,ATL
FWA,MDW
IMT,DTW
ICT,EFD
RIW,LAR
PVD,MSN
DLH,MSN
CKB,MEM
ROA,RDU
EAU,ROA
LSV,BFI
STL,GEG
CKB,TTN
FNT,AMA
TLH,AND
CHO,AND
PIT,BFD
TUP,CAE
CRW,GPT
GEG,ANC
ILM,BWI
MSP,BKL
HOU,CLE
DSM,TYS
BNA,LEX
MEM,RST
MEM,ROC
LWS,EAT
TTN,CKB
HSV,FSM
CHS,FWA
SBY,GSP
ROC,MHT
LAW,MGM
ISO,ILM
TYS,BMI
PUB,GCK
XNA,FSD
MCI,CID
DCA,LCH
BHM,MYR
CMH,SCE
PIA,SPS
ITH,CHO
ABE,ERI
STL,ACT
BFD,DAY
LGA,PIA
CVG,CWA
CHS,ABI
ITH,BUF
OKK,YIP
HYS,LBL
ACT,IAB
TCL,AND
GPT,BPT
GSP,BPT
DAY,BFD
SHV,CMH
BDR,JRB
ATW,SYR
MOB,AVL
HOU,CLT
FAI,FBK
PWM,GRB
BDL,GRB
TUP,TYS
CAE,MKE
IND,BHM
EVV,BHM
LIT,FSM
AGS,GSP
TYS,HSV
MLU,MGM
MSN,RAP
SAV,SHV
EWR,SBN
AZA,TWF
ABE,DCA
DCA,ILG
SHV,ABQ
XNA,BTR
HLN,FSD
COS,SGF
SBN,TLH
AVL,PHL
MTJ,OKC
MTJ,GJT
DRO,COS
MHT,BGR
MIA,MOB
CAE,TUP
MSN,BJI
RNO,MFR
SYR,MEM
MKE,MAF
MIA,OAK
EAU,PHX
ALM,RUI
HOU,ATW
BMG,BDL
SAN,MSO
MDW,SYR
LIT,ABE
ERI,BWI
DBQ,CMI
SBN,TYS
AZA,LEX
TUP,BNA
BIL,EAT
PFN,BHM
ABR,EAU
DBQ,EVV
CHA,FWA
TYS,FWA
MYR,GSP
PFN,MGM
AZO,PIT
FAR,RAP
SGF,SJT
TPA,SBN
GNV,TCL
LGA,ILG
TCL,GNV
SYR,MCI
GRB,LAX
BFI,MSY
MOB,SAT
OMA,LCH
GRR,MYR
CAE,OKC
HLN,BTM
FCA,FAR
ILM,MCN
OKC,AHN
TUL,FAT
CHS,AGS
GSP,EFD
ILM,ISO
ILM,MCO
BHM,BPT
FAY,FLO
BGM,AVP
MCI,SYR
DLH,CLE
TLH,TYS
DTW,LSE
AVL,LEX
RUI,ALM
ACT,CVG
CRW,FWA
TUL,GLH
GSP,GSP
RDD,SMF
FAR,SBN
OGD,BMI
BDL,BMG
GSP,CHA
FSM,LIT
CAK,TLH
PDX,ALW
DAL,XNA
MOB,FAY
CAE,FAY
CHS,GRR
YIP,IND
SHV,IND
AHN,OKC
GPT,CLL
DMA,ACT
HOU,MIA
ATW,DAY
LEX,DAY
CLE,ELM
PDX,ACV
GRR,LAW
SHV,MOB
PNS,EFD
BZN,MSN
MAF,MAF
BRO,AZA
VGT,AZA
ANC,GEG
SYR,ATW
ACT,COU
MDT,CMH
BMG,CMH
CHA,FLO
CLL,LWC
SYR,RIC
POB,RIC
RIC,SYR
EVV,ALO
TUL,BWI
CHS,GRB
LNK,MKE
MBS,MKE
PAH,BNA
PNS,STL
CHS,CHS
CVG,CKB
OKC,DSM
ATW,EAU
JFK,EVV
RDU,EVV
CAE,FSM
EWN,GSP
CVG,MGM
EUG,SMF
OAK,TWF
GPT,BMI
CMH,BMG
MTJ,SAT
EWR,TLH
RIC,POB
AVP,SCE
FNT,SPS
LWC,CLL
AEX,ACT
TYR,ACT
GSP,MIA
ALO,OMA
MSN,TUL
TUP,AUS
DLH,BOS
BFL,FAT
ORD,HLN
MOB,LAW
HSV,MLU
SBN,EWR
RIC,PIA
DAY,TOL
SYR,PHX
TYS,RDU
MKE,TTN
PDX,ATW
RAP,GCC
PNS,EYW
AEX,MEI
ATW,PDX
GRB,RFD
ALB,RFD
STL,SYR
LIT,SYR
OMA,ALO
LGA,CMI
SCE,CLE
MOB,TYS
ESC,MQT
TTN,MKE
DSM,BNA
JAX,PNS
MOB,STL
ELM,BGM
SHV,BHM
STL,EVV
BDL,FWA
PNS,GSO
DAL,PGV
PFN,HSV
TUL,MGM
JAN,SHV
OMA,GNV
RCA,SZL
CMI,XNA
LFT,LCH
SHV,LCH
OMA,PHL
BKL,SLC
CLL,ACT
LRU,OGD
MSN,ALB
PWM,BGR
BWG,MLU
ITH,TOL
CWA,TOL
MDW,MDW
ICT,BIF
PNS,HOU
PGV,HOU
LUK,MEM
COU,PAH
KTN,BFI
MBS,ICT
ROA,AND
EAU,ATW
SHV,BPT
MSN,COU
CID,COU
OAJ,CAE
PHX,GTR
DAY,CMH
ABE,BDL
MQT,MKG
SFO,SJC
PIT,SAV
IPT,BWI
MSN,BWI
ABE,BWI
LGA,SBY
PGV,BHM
MEM,LUK
CID,FSM
BHM,PGV
HOU,PGV
ILM,GSP
BNA,MHT
GRR,MGM
FSM,SGF
SAV,TLH
CMI,GRR
ACT,JAX
BTR,AUS
CRW,TOL
HSV,TUP
SLC,VEL
CLL,ABI
GSO,ABI
MEM,EFD
SYR,MSN
BDL,MSN
JNU,BFI
CVG,AMA
ABQ,CMH
LAF,BDL
LAR,RIW
ACV,SJC
SBP,SJC
CHO,CLE
ROA,AZO
XNA,BNA
CAK,CRW
BOS,EVV
MKE,EVV
SBN,FWA
JAN,HSV
LEX,SHV
MBS,SBN
CMI,BMI
PUW,ALW
MDW,CID
OKC,XNA
COU,PHL
BFL,SBA
BTR,SPS
ROA,CHO
ATL,CLL
TYS,FNT
OKC,PVU
MKE,TUL
MSN,LAW
SHR,PUB
LBB,TUS
MOB,ABI
BMG,YIP
SAV,JAN
FSD,MSN
LAW,MEM
COS,ICT
CHA,BPT
SHR,BIL
GRR,CAE
LFT,GGG
BOS,PWM
IAD,RFD
BIL,SHR
ROA,ABE
GPT,AVL
TYS,BWI
EWR,CMI
PHL,LEX
DAY,MDT
MOB,HSV
CRP,SJT
CAE,SHV
ACV,ABQ
YIP,BMG
YNG,MCI
CRW,MSY
IAD,GRR
PIR,JAX
DAL,GJT
VEL,SLC
TPA,OMA
SPI,DAL
CAE,LAW
ABI,ATL
MKG,ATL
CHA,DBQ
PGV,MEM
SHD,ROA
MEM,BFI
CHO,TTN
DSM,ICT
AVL,CMH
GRR,BDL
HVN,LGA
GSO,SYR
MEM,CMI
LNK,CLT
JAN,TYS
PHL,LAF
BWI,LEX
CHS,LEX
PGV,LYH
MSO,MKE
GCC,PIH
TUL,AEX
JFK,BDR
FAT,TWF
DLH,GFK
MLU,PIB
APF,TLH
MAF,CRP
TTN,CHO
ABI,ACT
MGM,AUS
CRW,DAL
SHV,DAL
MFR,ACV
MQT,CWA
YIP,ORD
NEW,MEM
MAF,RUI
SCE,LGA
XNA,JFK
CAE,SAV
MCO,SAV
BGR,BWI
AVP,BWI
XNA,CLE
GJT,FLG
CHA,LFT
CHO,LYH
GLH,BNA
ACV,SAN
DLH,BTV
GTF,DSM
ELM,MDT
BTV,PVD
GSO,SBN
AEX,ABQ
FAT,BFL
OKC,BTR
GSP,BMI
MEM,NEW
FTW,SAT
MCI,CRP
MOB,CRP
ICT,COS
DDC,HYS
CHA,ACT
CAE,DAY
SYR,ITH
CMI,LAW
SCE,TOL
CHA,MDW
AZO,MSN
SBN,TTN
CMI,ICT
TUS,BPT
MEI,GTR
DIK,GCC
GSP,ABE
HSV,TYS
JAX,LEX
MGM,PNS
GEG,BLI
MSN,FWA
BHM,FWA
BGM,MDT
DSM,MDT
PWM,PVD
PIT,SMF
MOB,SHV
CRW,SAT
ROA,SPI
FNT,GRR
HSV,GRR
LSV,TIK
MQT,TVC
CHA,CLL
MTJ,COS
BFL,COS
GCK,HYS
CHO,EWR
SLN,PUB
TYR,ABI
HSV,ABI
OKC,BUF
OKC,MSN
ACT,MCO
ELM,MBS
XNA,CMH
CAE,GGG
LEX,ABE
SPI,CMI
SBA,FLG
CVG,LFT
AMW,MHK
GSP,MKE
BUF,PNS
CMI,STL
AEX,AEX
XNA,EAU
XNA,EVV
LEX,MDT
EWR,HSV
CAE,STF
STF,TCL
SGU,TWF
BDL,MCI
ROA,MSP
SBA,OKC
HNL,SBA
EWR,CHO
SNA,FLL
CPR,COS
MHK,AMW
SBA,YUM
LGA,OMA
SAV,MCF
OMA,TPA
SJC,EUG
SGF,LAW
JAC,MDW
MSO,LAR
BFI,BFI
AMA,ICT
DSM,BDL
TYS,JFK
CAE,JFK
ROC,RFD
RDU,SAV
DSM,ALO
JAN,AVL
SYR,GRB
MDT,AZO
SHV,LFT
SAT,LEX
EVV,MKE
SAN,PDT
PIR,STC
CLL,AEX
LFT,BHM
EWR,EVV
ROC,MDT
TYS,PIT
DRO,SJT
IDA,TWF
MKE,SPI
MCO,SBA
AVP,TVC
CWA,FNT
APN,FNT
ATW,OMA
PDX,TPA
CVG,DLH
YIP,OKK
HOU,LRD
LIT,LAW
MLU,TUP
OKC,TUP
EAU,CWA
MCI,LNK
XNA,RIC
CEC,SJC
GPT,CMI
SGF,CLE
HRO,ELD
TYS,AZO
PDX,EAT
LBB,DSM
DTW,EAU
AZO,FWA
MOB,GSO
AVP,SBN
CSG,CHA
AEX,LIT
AEX,SAT
RAP,BFF
CLE,SGF
JAX,SGF
XNA,CID
LKE,MVW
ABQ,GJT
GNV,FLL
BFF,PIR
BMG,ORD
LSE,DTW
BQK,HOU
CVG,LNK
RDU,MSN
GCC,CYS
GRK,CSG
MSN,MSO
RIC,AVP
STL,CMI
HOT,ELD
PFN,BNA
HYS,DDC
LYH,GSO
BTV,MHT
STS,SMF
MLU,BTR
LFT,CHA
CLL,LIT
EVV,SGF
MSN,OKC
RKS,GJT
BFL,YUM
CMH,FNT
BTV,BOS
OKK,TOL
CHA,ABI
LFT,ABI
SAV,MSN
BHM,MSN
MVW,LKE
MOB,GPT
SBA,HNL
DCA,AVP
HOU,BQK
FWA,CMI
DSM,CMI
EVV,CLE
COS,MKE
AVP,ROC
CWA,EAU
OMA,PIT
MBS,TVC
HSV,SPS
COU,JLN
TOL,OKK
MOB,TUP
PNS,BUF
TYS,MSN
GRB,MSN
DFW,MBS
CAE,MBS
OGG,BPT
DIK,CYS
BOS,AVP
CAE,ABE
SAN,VGT
CMH,ROC
VGT,SAN
CAE,STL
TTN,BTV
SMF,MWH
RAP,TWF
BTR,BTR
TUL,SBA
LMT,RDM
HSV,ROA
OMA,ATW
MLU,BPT
PGV,FLO
CID,BDL
SYR,AVP
SCE,BWI
SHR,DIK
DTW,AEX
CHA,BHM
SGF,FSM
GRR,FSM
COU,IRK
FNT,PVD
SKA,RCA
AEX,SHV
CLE,TLH
TVC,IND
PVD,SFO
EWR,DAL
PIB,MLU
LEX,YIP
BHM,LNK
SUX,LNK
RUI,MAF
EWN,CAE
LUK,CMH
MIA,GPT
JBR,HRO
DSM,JFK
MHT,JFK
GCC,RIW
MSN,ABE
IND,LEX
AMA,STL
DAL,AEX
AZA,AEX
RIC,HSV
SAN,MWH
CID,FSD
RDD,LMT
AEX,CLL
SUS,GUS
MQT,FNT
SAF,SLE
MLU,TYR
EUG,FAT
EAR,PUB
DBQ,MDW
MCI,LBL
PDT,SEA
IND,BIS
LBF,CYS
ILM,EWN
SAV,RIC
MCI,SAF
DBQ,ALO
AZO,MKE
LGA,FSM
MHT,MCI
GLH,OKC
MKE,TVC
CVG,CLL
GEG,RDM
MOD,RNO
AHN,MCN
OPF,BOS
ATY,DAL
CIC,FAT
PDX,AST
PBI,MDW
ILM,ORD
FAI,BFI
ATY,ABR
PFN,CAE
DAL,ATY
MYR,CHS
AEX,GLH
ELD,HOT
FWA,CID
LAR,RKS
MSO,COS
SPS,LAW
CGI,MWA
ATL,OGG
MSY,MAF
ODW,LKE
PIR,CYS
AZA,JFK
PWT,PWT
LSE,AZO
PHL,LYH
HVN,SBY
ROA,SBY
LBB,STL
CEC,SMF
MCI,HOT
RKS,BFF
GCC,COS
CLT,OPF
ITO,TPA
SAV,ALB
MCN,AHN
LAS,PWK
TPA,OGG
DAY,MSN
BJI,BRD
SHR,CYS
RIW,GCC
AST,PDX
RIW,DIK
DAL,LFT
MHK,BRL
BOS,BTV
GNV,GSO
CIC,SMF
LAR,BFF
BIS,FSD
CYS,LBF
MAF,SPS
PDK,OPF
JAN,OMA
BNA,MGY
COS,FAT
SAT,PIA
GCK,PUB
OPF,PDK
MFR,OAK
SUS,SFB
MFR,RDD
APN,MKG
CRW,BWI
HSH,SNA
JFK,CRW
BTR,GSP
ILM,IAD
DAY,MCI
PIR,LBF
BFI,EUG
CVG,LAW
STL,PIA
DSM,CWA
MIA,ORL
JFK,AZA
AST,SEA
EUG,BFI
STC,ABR
RUI,CNM
CLE,MKG
PNE,LAS
BNA,BNA
SBA,SNA
SBN,SUS
XNA,FSM
MCI,FWA
ITH,MDT
GRK,SAT
MHK,HYS
PHX,BGR
GCC,CPR
JAC,DAL
LFT,MLU
DDC,PUB
DEC,UIN
SCF,DWH
SAT,BDL
HOT,JBR
BFI,KTN
XNA,TYS
PWK,LAS
RDU,MHT
LMT,SMF
PIB,CHA
FLL,GNV
CYS,BFF
CPR,RKS
LEX,ACY
ELP,GJT
PHX,PBI
BUF,PBI
LAS,OPF
ORL,MIA
GBD,JLN
FSM,LAW
IAD,APF
CRW,PIA
CYS,PIR
SLN,EAR
AMA,MAF
LFT,ISM
CPS,PHX
JLN,COU
IDA,RIC
ABQ,SJC
ITH,SYR
MGM,AVL
TVC,MQT
AEX,BNA
ABR,STC
MHT,BHM
MYR,ILG
EYW,GNV
RIC,IDA
LBB,LIT
BRO,MSP
SCF,XNA
SMF,CEC
SGF,OKC
MDW,GYY
GEG,OMA
AUS,ALB
SBA,BGR
BDR,BOS
YIP,DFW
PIB,TUP
FXE,AGS
SAF,MDW
SLN,YIP
SUS,YIP
RDU,HOU
BWI,LAN
RDD,MFR
ROC,SCF
STS,SJC
FBK,FAI
IAD,HSH
SCF,BNA
PBI,PNS
MSP,BDR
PWM,BDR
LAX,CDC
ALB,CRW
BGR,GSO
TTN,ILM
JBR,HOT
HOT,MCI
MAF,MSY
TTN,MYR
HYS,LBF
HVN,SBA
BIS,COS
RKS,COS
GSP,ACT
AGC,TPA
IND,DLH
BWI,ESN
BFI,JNU
MWA,UIN
SAF,TUS
BFI,AST
PHX,PHX
AST,BFI
IAD,EYW
TUS,SAF
EWN,SAV
SLN,LAS
HYS,MHK
EAR,MHK
RDU,HVN
SYR,CHS
CHA,GSP
LKE,ODW
ODW,ODW
GJT,IAD
SKF,IND
NEW,SFO
PNE,PBI
LBL,HYS
BGR,THV
POB,MIA
ILM,BOS
MOD,FAT
GLH,MLU
CRW,BKW
SPI,LAN
XNA,MSN
LAX,SCF
GTF,PHX
JAC,SCF
FXE,PHX
OMA,SCF
SDM,PHX
FWA,RDU
LWS,BFI
ORD,TTN
FMN,CYS
BDL,BDL
MDW,PWM
BUF,PDX
MDW,SAF
CKB,SAV
LGA,ABE
MRI,ANC
ABY,BWI
YNG,CLE
YIP,ROC
FSD,SAN
PHX,CPS
GFL,BTV
LAS,SGU
EYW,IAD
CID,BMI
PHX,GTF
JEF,LIT
BGR,SKF
LIT,SPI
AOO,IND
HUF,IND
EWN,OAJ
PHX,PNE
ICT,SFO
MKC,SFO
MWA,CGI
VEL,GJT
STL,JEF
STS,FXE
BRL,HYS
FTW,ACT
AUO,ALB
TTN,BOS
MTJ,DAL
AUS,FTW
WFB,JNU
PIT,TOL
PHX,FOE
BGR,AUG
PVD,PWK
TUS,DTW
RUI,ELP
MHK,EAR
LBF,LAR
PNE,PHX
RST,PHX
OAK,MBS
ILM,TTN
PHL,TTN
STP,CMH
OMA,LGA
ABQ,LGA
BDR,PWM
XNA,RFD
CHS,SYR
IAD,LNS
ERI,ROC
AGS,BDR
ABE,MDT
MYR,MHT
OKC,MHT
PWK,PVD
SBN,SBN
SAF,ABQ
DLH,LAX
SAT,STP
PWK,STP
TKF,SAT
DIK,BFF
ATY,FSD
DAL,SFO
RST,APC
MTN,MIA
SMF,OMA
COU,OMA
CMH,ALB
THV,BGR
RKS,CPR
MTJ,MGY
ADS,FAT
TBN,MWA
SAF,APF
POU,SLN
SEA,AST
PHX,FTY
BDR,AGS
BWI,PWK
MDW,FDY
LFT,EFD
SCF,JAC
GRR,LAN
GRB,MEM
PBI,OAK
IAD,SCF
CHA,PHX
TYS,PHX
APC,PHX
PIA,SCF
OAJ,RDU
ICT,ICT
ANC,ABR
MKE,AMA
PKB,CMH
CPR,GCC
IPT,BDL
GNV,EYW
JFK,RFD
PIT,RFD
IAD,RKD
ABQ,SAF
ABR,ANC
FNT,BWI
LGA,GRB
RIC,TYS
MDT,LNS
PHL,LNS
DDC,MHK
BDR,MKE
CHO,SAN
PHX,SDM
LRD,SNA
FAT,SNA
CHA,STL
MCO,SUS
MCO,BGM
MKE,BDR
TBN,BRL
SJC,LUK
CHO,PVD
MSY,STS
OKK,IAD
ILM,DCA
SCF,IAD
GSO,ILM
POU,WGO
PHX,CHA
MHK,GCK
SAF,MKC
ORL,MSY
STS,MSY
MDT,SGF
MDW,PNE
SLN,POU
BDL,IPT
SAV,SFO
SLN,SBA
DEC,CGI
BGR,MOP
PVD,CHO
PDX,FLL
RST,PBI
SBN,GYY
PHX,CAK
EAR,MIA
BDR,ALB
OKC,AUO
BIS,CPR
ABQ,DAY
GEG,DAY
BOS,OKK
MCO,MOB
TLH,APF
PBI,APF
BMI,PIA
MDW,PIA
FMN,VEL
ACY,FTY
SFO,PDK
DET,WVL
BTV,BUF
SCF,MDW
PHL,PWK
UIN,DEC
ORD,YIP
MAF,JAN
CMH,JAN
LNK,MEM
RUT,PHX
JAX,PHX
HVN,RDU
CMH,RUT
LIT,AMA
BOS,AID
APF,BFD
IRK,COU
SJC,BDL
FXE,LGA
LKE,PDX
VIS,PRC
BDL,SJC
MOB,ABE
FAI,MRI
GFL,BWI
EWR,BKL
MRI,FAI
FXE,TYS
CAK,LEX
SGF,BNA
SJC,RST
LSE,RST
YIP,SUS
EWN,CPS
CYS,ISN
ALB,BDR
JLN,BRL
GRR,MDT
BUF,STS
JAN,PIB
BIL,IDA
EKX,MKC
THV,STP
JAN,MSP
TYS,XNA
PHX,JAX
PWK,PHL
DAL,PHL
WGO,POU
FTY,ACY
RDD,CEC
ALB,OKC
IND,SLC
FTY,FXE
SNA,PBI
